df,left,right,density
1,-0.133322,0.074829,1.012129
1,0.074829,0.279817,0.935166
1,0.279817,0.487441,0.532723
1,0.487441,0.695591,0.383421
1,0.695591,0.903214,0.303578
1,0.903214,1.110838,0.229668
1,1.110838,1.316353,0.207592
1,1.316353,1.523977,0.176876
1,1.523977,1.7316,0.138133
1,1.7316,1.939751,0.120157
1,1.939751,2.144739,0.097818
1,2.144739,2.352363,0.084817
1,2.352363,2.560513,0.075742
1,2.560513,2.768136,0.058028
1,2.768136,2.97576,0.056457
1,2.97576,3.181275,0.051222
1,3.181275,3.388899,0.043455
1,3.388899,3.597049,0.033857
1,3.597049,3.804672,0.033333
1,3.804672,4.009661,0.026265
1,4.009661,4.217284,0.024956
1,4.217284,4.425435,0.023386
1,4.425435,4.633058,0.018237
1,4.633058,4.840682,0.018237
1,4.840682,5.046197,0.020855
1,5.046197,5.25382,0.012478
1,5.25382,5.461971,0.010908
1,5.461971,5.669594,0.010122
1,5.669594,5.877218,0.010646
1,5.877218,6.082733,0.008813
1,6.082733,6.290357,0.004974
1,6.290357,6.49798,0.004188
1,6.49798,6.70613,0.005497
1,6.70613,6.911119,0.006545
1,6.911119,7.118742,0.006021
1,7.118742,7.326893,0.00288
1,7.326893,7.534516,0.00288
1,7.534516,7.742139,0.003927
1,7.742139,7.947655,0.003665
1,7.947655,8.155278,0.003141
1,8.155278,8.362902,0.002618
1,8.362902,8.571052,0.002094
1,8.571052,8.778676,0.002094
1,8.778676,8.983664,0.00288
1,8.983664,9.191815,0.000785
1,9.191815,9.399438,0.000785
1,9.399438,9.607061,0.001047
1,9.607061,9.812577,0.000524
1,9.812577,10.0202,0.001047
1,10.0202,10.227824,0.000262
1,10.227824,10.435974,0.000524
1,10.435974,10.848586,0.000262
1,10.848586,11.056736,0.000524
1,11.056736,11.471983,0.000785
1,11.471983,11.885122,0.000524
2,-0.19567,0.094487,0.159651
2,0.094487,0.38762,0.450187
2,0.38762,0.677033,0.384475
2,0.677033,0.96719,0.334745
2,0.96719,1.256603,0.28709
2,1.256603,1.549736,0.24479
2,1.549736,1.839893,0.215691
2,1.839893,2.129306,0.192694
2,2.129306,2.418719,0.163719
2,2.418719,2.712596,0.136862
2,2.712596,3.002009,0.10988
2,3.002009,3.291422,0.102947
2,3.291422,3.581579,0.097136
2,3.581579,3.874712,0.07609
2,3.874712,4.164125,0.057908
2,4.164125,4.453538,0.057908
2,4.453538,4.743695,0.051723
2,4.743695,5.036828,0.041096
2,5.036828,5.326241,0.038605
2,5.326241,5.616398,0.03242
2,5.616398,5.905811,0.027356
2,5.905811,6.198944,0.025239
2,6.198944,6.4891,0.01731
2,6.4891,6.778513,0.019054
2,6.778513,7.067926,0.017808
2,7.067926,7.361803,0.013865
2,7.361803,7.651216,0.011249
2,7.651216,7.940629,0.010253
2,7.940629,8.230042,0.007181
2,8.230042,8.523919,0.006434
2,8.523919,8.813332,0.005562
2,8.813332,9.102745,0.00631
2,9.102745,9.392902,0.004691
2,9.392902,9.686035,0.003861
2,9.686035,9.976192,0.00274
2,9.976192,10.265605,0.004068
2,10.265605,10.555018,0.002864
2,10.555018,10.848151,0.001494
2,10.848151,11.138308,0.003362
2,11.138308,11.427721,0.001868
2,11.427721,11.717134,0.000498
2,11.717134,12.011011,0.00137
2,12.011011,12.300424,0.001121
2,12.300424,12.589837,0.000996
2,12.589837,12.879994,0.000498
2,12.879994,13.173127,0.000498
2,13.173127,13.46254,0.000498
2,13.46254,13.752697,0.00137
2,13.752697,14.04211,0.000249
2,14.04211,14.335243,0.000498
2,14.335243,14.624656,0.000249
2,14.624656,14.914813,0.000125
2,14.914813,15.204226,0.000125
2,15.204226,15.497359,0.000249
2,15.497359,15.787516,0.000125
2,16.076929,16.366342,0.000125
2,16.660219,16.949632,0.000125
2,16.949632,17.239045,0.000249
2,18.98445,19.273863,0.000125
2,21.598839,21.888252,0.000125
5,-0.335129,0.130328,0.000199
5,0.130328,0.600439,0.027035
5,0.600439,1.064732,0.065924
5,1.064732,1.530188,0.100159
5,1.530188,1.994481,0.125497
5,1.994481,2.459938,0.140878
5,2.459938,2.92423,0.15
5,2.92423,3.395505,0.152135
5,3.395505,3.859798,0.156444
5,3.859798,4.324091,0.141183
5,4.324091,4.789547,0.132922
5,4.789547,5.25384,0.124238
5,5.25384,5.719296,0.105768
5,5.719296,6.189408,0.097468
5,6.189408,6.654864,0.089446
5,6.654864,7.119157,0.078693
5,7.119157,7.58345,0.071188
5,7.58345,8.048906,0.054309
5,8.048906,8.513199,0.051538
5,8.513199,8.984474,0.043596
5,8.984474,9.448767,0.043477
5,9.448767,9.913059,0.029289
5,9.913059,10.378516,0.024463
5,10.378516,10.842809,0.023482
5,10.842809,11.308265,0.018656
5,11.308265,11.772558,0.016203
5,11.772558,12.243833,0.014784
5,12.243833,12.708125,0.012967
5,12.708125,13.172418,0.00944
5,13.172418,13.637875,0.0072
5,13.637875,14.102168,0.006325
5,14.102168,14.567624,0.005145
5,14.567624,15.037735,0.004508
5,15.037735,15.502028,0.002771
5,15.502028,15.967485,0.003195
5,15.967485,16.431777,0.003514
5,16.431777,16.897234,0.001816
5,16.897234,17.361527,0.001379
5,17.361527,17.832801,0.001697
5,17.832801,18.297094,0.001697
5,18.297094,18.761387,0.000636
5,18.761387,19.226844,0.000955
5,19.226844,19.691136,0.000636
5,19.691136,20.156593,0.000756
5,20.156593,20.626704,0.000517
5,20.626704,21.09216,0.000398
5,21.09216,21.556453,8e-05
5,21.556453,22.020746,0.000199
5,22.020746,22.486203,0.000636
5,22.486203,22.950495,0.000398
5,22.950495,23.42177,8e-05
5,23.42177,23.886063,0.000318
5,24.815812,25.280105,8e-05
5,26.215673,26.681129,8e-05
5,30.869074,31.33453,0.000199
5,32.270098,32.734391,8e-05
10,0.440595,1.096712,0.000291
10,1.096712,1.751466,0.003263
10,1.751466,2.40622,0.00851
10,2.40622,3.062338,0.020317
10,3.062338,3.723912,0.031825
10,3.723912,4.378666,0.048655
10,4.378666,5.034784,0.062745
10,5.034784,5.689537,0.074626
10,5.689537,6.344291,0.084374
10,6.344291,7.00723,0.09442
10,7.00723,7.661983,0.098381
10,7.661983,8.316737,0.096106
10,8.316737,8.971491,0.093208
10,8.971491,9.627609,0.091531
10,9.627609,10.289183,0.08826
10,10.289183,10.943937,0.081476
10,10.943937,11.600054,0.076054
10,11.600054,12.254808,0.064721
10,12.254808,12.909562,0.057498
10,12.909562,13.56568,0.051553
10,13.56568,14.227254,0.046679
10,14.227254,14.882008,0.03777
10,14.882008,15.536762,0.03366
10,15.536762,16.192879,0.030687
10,16.192879,16.847633,0.024427
10,16.847633,17.509207,0.021015
10,17.509207,18.165325,0.016058
10,18.165325,18.820079,0.017054
10,18.820079,19.474833,0.01453
10,19.474833,20.130951,0.010636
10,20.130951,20.792525,0.008909
10,20.792525,21.447279,0.00631
10,21.447279,22.103397,0.006235
10,22.103397,22.75815,0.004326
10,22.75815,23.412904,0.004102
10,23.412904,24.075842,0.003039
10,24.075842,24.730596,0.001802
10,24.730596,25.38535,0.001976
10,25.38535,26.041468,0.001428
10,26.041468,26.696222,0.00059
10,26.696222,27.350975,0.000739
10,27.350975,28.013913,0.00044
10,28.013913,28.668667,0.000515
10,28.668667,29.323421,0.000149
10,29.323421,29.979539,0.000291
10,29.979539,30.634293,0.000515
10,30.634293,31.295867,0.000216
10,31.295867,31.950621,0.000216
10,31.950621,32.606739,0.000216
10,32.606739,33.261492,7.5e-05
10,34.579184,35.233938,7.5e-05
10,40.482881,41.137635,7.5e-05
