r1,r2,r3,r5,r6,r11,r12,r36,r60,r120
0.3249999881,0.4219999909,0.4769999981,0.5490000248,0.5770000219,0.6980000138,0.7200000286,1.1449999809,1.4149999619,1.8250000477
0.3219999969,0.4269999862,0.4850000143,0.5550000072,0.5830000043,0.6980000138,0.7179999948,1.1189999580,1.3860000372,1.8240000010
0.3260000050,0.4189999998,0.4729999900,0.5429999828,0.5709999800,0.6930000186,0.7149999738,1.1399999857,1.4060000181,1.8170000315
0.3179999888,0.4410000145,0.5080000162,0.5830000043,0.6100000143,0.7179999948,0.7369999886,1.1050000191,1.3639999628,1.8040000200
0.3019999862,0.4449999928,0.5210000277,0.6060000062,0.6370000243,0.7590000033,0.7799999714,1.1720000505,1.4160000086,1.8150000572
0.2879999876,0.4729999900,0.5699999928,0.6660000086,0.6980000138,0.8109999895,0.8299999833,1.1690000296,1.3990000486,1.8049999475
0.3280000091,0.4860000014,0.5659999847,0.6529999971,0.6830000281,0.8000000119,0.8199999928,1.1900000572,1.4340000153,1.8480000496
0.3779999912,0.5759999752,0.6729999781,0.7689999938,0.8000000119,0.9079999924,0.9250000119,1.2319999933,1.4320000410,1.8300000429
0.5279999971,0.7549999952,0.8629999757,0.9520000219,0.9750000238,1.0369999409,1.0449999571,1.1849999428,1.3530000448,1.8079999685
0.7419999838,0.8820000291,0.9490000010,1.0069999695,1.0230000019,1.0709999800,1.0779999495,1.2220000029,1.3969999552,1.8489999771
0.7319999933,0.9120000005,0.9990000129,1.0759999752,1.0989999771,1.1679999828,1.1790000200,1.3660000563,1.5399999619,1.9520000219
0.8140000105,0.9539999962,1.0240000486,1.0909999609,1.1130000353,1.1849999428,1.1970000267,1.4249999523,1.6250000000,2.0550000668
0.9039999843,0.9010000229,0.9139999747,0.9530000091,0.9750000238,1.0850000381,1.1059999466,1.5240000486,1.7779999971,2.1830000877
0.9589999914,0.9179999828,0.9129999876,0.9380000234,0.9570000172,1.0609999895,1.0829999447,1.5149999857,1.7799999714,2.1849999428
0.9679999948,0.9449999928,0.9459999800,0.9729999900,0.9909999967,1.0880000591,1.1080000401,1.5049999952,1.7580000162,2.1719999313
0.9779999852,0.9720000029,0.9810000062,1.0119999647,1.0299999714,1.1189999580,1.1360000372,1.4960000515,1.7400000095,2.1670000553
0.9840000272,0.9909999967,1.0049999952,1.0369999409,1.0540000200,1.1380000114,1.1540000439,1.4809999466,1.7159999609,2.1649999619
0.9869999886,1.0039999485,1.0180000067,1.0420000553,1.0540000200,1.1089999676,1.1200000048,1.3680000305,1.5959999561,2.0789999962
0.9750000238,0.9969999790,1.0160000324,1.0490000248,1.0650000572,1.1399999857,1.1540000439,1.4579999447,1.7009999752,2.1779999733
0.9919999838,0.9819999933,0.9900000095,1.0240000486,1.0429999828,1.1419999599,1.1610000134,1.5269999504,1.7649999857,2.1860001087
1.0629999638,1.0340000391,1.0349999666,1.0659999847,1.0859999657,1.1909999847,1.2120000124,1.5870000124,1.8109999895,2.2000000477
1.0820000172,1.0870000124,1.1019999981,1.1410000324,1.1610000134,1.2610000372,1.2799999714,1.6160000563,1.8220000267,2.1949999332
1.0839999914,1.0800000429,1.0930000544,1.1339999437,1.1560000181,1.2680000067,1.2899999619,1.6529999971,1.8609999418,2.2190001011
1.1009999514,1.1059999466,1.1200000048,1.1549999714,1.1740000248,1.2630000114,1.2810000181,1.5900000334,1.7999999523,2.2039999962
1.1100000143,1.1430000067,1.1640000343,1.1940000057,1.2070000172,1.2660000324,1.2769999504,1.5230000019,1.7400000095,2.1809999943
1.1260000467,1.1529999971,1.1690000296,1.1900000572,1.1990000010,1.2410000563,1.2489999533,1.4630000591,1.6809999943,2.1429998875
1.1390000582,1.1310000420,1.1349999905,1.1529999971,1.1629999876,1.2200000286,1.2309999466,1.4800000191,1.6920000315,2.1270000935
1.1139999628,1.1640000343,1.1890000105,1.2130000591,1.2209999561,1.2530000210,1.2580000162,1.4309999943,1.6349999905,2.0969998837
1.1230000257,1.1399999857,1.1510000229,1.1699999571,1.1779999733,1.2200000286,1.2280000448,1.4320000410,1.6380000114,2.0989999771
1.0920000076,1.1499999762,1.1779999733,1.2039999962,1.2109999657,1.2380000353,1.2430000305,1.3990000486,1.6050000191,2.0889999866
1.0160000324,1.1330000162,1.1759999990,1.1979999542,1.1990000010,1.1840000153,1.1799999475,1.2400000095,1.4579999447,2.0020000935
0.9599999785,1.0509999990,1.0839999914,1.1009999514,1.1019999981,1.0920000076,1.0900000334,1.1890000105,1.4270000458,1.9789999723
0.9819999933,1.0499999523,1.0770000219,1.0939999819,1.0959999561,1.0959999561,1.0959999561,1.1959999800,1.4010000229,1.9069999456
1.0099999905,1.0809999704,1.1039999723,1.1130000353,1.1119999886,1.0959999561,1.0939999819,1.1799999475,1.4019999504,1.9199999571
0.9850000143,1.0700000525,1.0989999771,1.1139999628,1.1150000095,1.1069999933,1.1059999466,1.2039999962,1.4179999828,1.9170000553
1.0110000372,1.1180000305,1.1560000181,1.1749999523,1.1740000248,1.1549999714,1.1510000229,1.2120000124,1.4179999828,1.9129999876
1.0349999666,1.0909999609,1.1109999418,1.1210000515,1.1219999790,1.1200000048,1.1189999580,1.2150000334,1.4049999714,1.8689999580
1.0720000267,1.1289999485,1.1499999762,1.1579999924,1.1579999924,1.1480000019,1.1460000277,1.2500000000,1.4689999819,1.9630000591
1.1000000238,1.1610000134,1.1840000153,1.1909999847,1.1890000105,1.1710000038,1.1670000553,1.2539999485,1.4800000191,1.9930000305
1.0839999914,1.1909999847,1.2289999723,1.2439999580,1.2419999838,1.2170000076,1.2120000124,1.2829999924,1.5069999695,2.0230000019
1.1119999886,1.2159999609,1.2530000210,1.2719999552,1.2719999552,1.2580000162,1.2549999952,1.3439999819,1.5549999475,2.0529999733
1.1360000372,1.2500000000,1.2920000553,1.3070000410,1.3040000200,1.2710000277,1.2649999857,1.3209999800,1.5449999571,2.0720000267
1.1289999485,1.2480000257,1.2890000343,1.3079999685,1.3079999685,1.2920000553,1.2890000343,1.3849999905,1.6050000191,2.0980000496
1.1579999924,1.3120000362,1.3600000143,1.3700000048,1.3630000353,1.3049999475,1.2940000296,1.3279999495,1.5620000362,2.1110000610
1.2460000515,1.3739999533,1.4149999619,1.4240000248,1.4179999828,1.3730000257,1.3639999628,1.4140000343,1.6189999580,2.1159999371
1.2910000086,1.3960000277,1.4320000410,1.4470000267,1.4470000267,1.4299999475,1.4270000458,1.5180000067,1.7039999962,2.1549999714
1.1840000153,1.3739999533,1.4450000525,1.4939999580,1.5039999485,1.5190000534,1.5210000277,1.6369999647,1.8009999990,2.1930000782
1.3070000410,1.4309999943,1.4750000238,1.4980000257,1.4989999533,1.4900000095,1.4880000353,1.6019999981,1.7970000505,2.2219998837
1.2500000000,1.4919999838,1.5740000010,1.6080000401,1.6059999466,1.5570000410,1.5470000505,1.5900000334,1.7769999504,2.2260000706
1.2089999914,1.4450000525,1.5369999409,1.5900000334,1.5959999561,1.5800000429,1.5750000477,1.6299999952,1.7740000486,2.1830000877
1.2100000381,1.4550000429,1.5460000038,1.5889999866,1.5889999866,1.5520000458,1.5449999571,1.6230000257,1.8079999685,2.2460000515
1.4390000105,1.5549999475,1.6089999676,1.6649999619,1.6829999685,1.7510000467,1.7619999647,1.9600000381,2.0829999447,2.3080000877
1.3289999962,1.5460000038,1.6339999437,1.7039999962,1.7220000029,1.7669999599,1.7730000019,1.9229999781,2.0750000477,2.4010000229
1.3439999819,1.5559999943,1.6449999809,1.7200000286,1.7410000563,1.7999999523,1.8079999685,1.9709999561,2.1570000648,2.5580000877
1.3819999695,1.6380000114,1.7330000401,1.7940000296,1.8049999475,1.8109999895,1.8099999428,1.9259999990,2.1099998951,2.5069999695
1.4910000563,1.6059999466,1.6540000439,1.6840000153,1.6900000572,1.7009999752,1.7029999495,1.8509999514,2.0220000744,2.3959999084
1.5379999876,1.6469999552,1.6820000410,1.6979999542,1.6970000267,1.6840000153,1.6829999685,1.8090000153,1.9900000095,2.3519999981
1.5959999561,1.6569999456,1.6900000572,1.7300000191,1.7460000515,1.8079999685,1.8190000057,1.9969999790,2.1389999390,2.4319999218
1.2580000162,1.5269999504,1.6469999552,1.7400000095,1.7619999647,1.8179999590,1.8250000477,2.0050001144,2.1730000973,2.5079998970
1.3880000114,1.5789999962,1.6590000391,1.7189999819,1.7339999676,1.7749999762,1.7819999456,1.9759999514,2.1630001068,2.5339999199
1.6959999800,1.7899999619,1.8350000381,1.8780000210,1.8910000324,1.9359999895,1.9429999590,2.0929999352,2.2379999161,2.5380001068
1.3320000172,1.5369999409,1.6200000048,1.6929999590,1.7150000334,1.7790000439,1.7890000343,1.9720000029,2.1410000324,2.4920001030
1.3420000076,1.5599999428,1.6480000019,1.7289999723,1.7539999485,1.8350000381,1.8480000496,2.0820000172,2.2760000229,2.6370000839
1.3739999533,1.5240000486,1.5900000334,1.6560000181,1.6779999733,1.7569999695,1.7699999809,2.0099999905,2.1840000153,2.5199999809
1.5789999962,1.6809999943,1.7230000496,1.7610000372,1.7719999552,1.8070000410,1.8120000362,1.9400000572,2.0959999561,2.4349999428
1.6419999599,1.7500000000,1.7920000553,1.8309999704,1.8430000544,1.8799999952,1.8860000372,2.0039999485,2.1240000725,2.3940000534
1.7469999790,1.8040000200,1.8329999447,1.8689999580,1.8819999695,1.9390000105,1.9490000010,2.1329998970,2.2369999886,2.4240000248
1.8020000458,1.8569999933,1.8869999647,1.9240000248,1.9390000105,2.0009999275,2.0130000114,2.2170000076,2.3229999542,2.4739999771
1.7120000124,1.8500000238,1.9119999409,1.9750000238,1.9960000515,2.0729999542,2.0859999657,2.3010001183,2.4110000134,2.5610001087
1.4589999914,1.6979999542,1.8079999685,1.9069999456,1.9370000362,2.0280001163,2.0420000553,2.2679998875,2.4270000458,2.7030000687
1.5889999866,1.7480000257,1.8220000267,1.8930000067,1.9160000086,1.9939999580,2.0060000420,2.2160000801,2.3389999866,2.5420000553
1.7810000181,1.9229999781,1.9889999628,2.0490000248,2.0680000782,2.1250000000,2.1340000629,2.2709999084,2.3510000706,2.5220000744
1.9409999847,2.0169999599,2.0550000668,2.0940001011,2.1070001125,2.1549999714,2.1630001068,2.2999999523,2.3789999485,2.5590000153
1.8190000057,1.9249999523,1.9709999561,2.0160000324,2.0309998989,2.0840001106,2.0929999352,2.2609999180,2.3980000019,2.6570000648
2.0190000534,2.1080000401,2.1449999809,2.1760001183,2.1849999428,2.2109999657,2.2149999142,2.3110001087,2.4400000572,2.7300000191
1.9869999886,2.0139999390,2.0329999924,2.0590000153,2.0710000992,2.1219999790,2.1319999695,2.3329999447,2.4839999676,2.7590000629
2.0620000362,2.2279999256,2.3010001183,2.3680000305,2.3870000839,2.4500000477,2.4590001106,2.6259999275,2.7609999180,3.0030000210
1.9349999428,2.2249999046,2.3519999981,2.4690001011,2.5039999485,2.6159999371,2.6329998970,2.9119999409,3.0869998932,3.3069999218
1.6059999466,1.8880000114,2.0350000858,2.1659998894,2.2030000687,2.3169999123,2.3340001106,2.5940001011,2.7630000114,3.0079998970
1.9359999895,2.0629999638,2.1229999065,2.1860001087,2.2079999447,2.2920000553,2.3059999943,2.5690000057,2.7439999580,2.9900000095
1.7899999619,1.8940000534,1.9509999752,2.0260000229,2.0569999218,2.1860001087,2.2090001106,2.6370000839,2.8580000401,3.0910000801
1.2200000286,1.4609999657,1.5920000076,1.7239999771,1.7669999599,1.9210000038,1.9459999800,2.3359999657,2.4890000820,2.6480000019
0.9750000238,1.1929999590,1.3129999638,1.4440000057,1.4900000095,1.6660000086,1.6959999800,2.2000000477,2.4349999428,2.7060000896
1.4390000105,1.4950000048,1.5340000391,1.5920000076,1.6180000305,1.7330000401,1.7549999952,2.1640000343,2.4049999714,2.7530000210
1.2480000257,1.3539999723,1.4160000086,1.4930000305,1.5230000019,1.6430000067,1.6649999619,2.0299999714,2.2079999447,2.4830000401
0.9580000043,0.9200000167,0.9250000119,0.9729999900,1.0030000210,1.1619999409,1.1929999590,1.7810000181,2.0869998932,2.4900000095
0.8870000243,0.9200000167,0.9449999928,0.9860000014,1.0060000420,1.1009999514,1.1189999580,1.5629999638,1.9780000448,2.4679999352
0.9850000143,0.9869999886,0.9959999919,1.0230000019,1.0390000343,1.1200000048,1.1360000372,1.5449999571,1.9320000410,2.4219999313
0.6729999781,0.7129999995,0.7459999919,0.8050000072,0.8330000043,0.9620000124,0.9860000014,1.4170000553,1.7699999809,2.3410000801
0.6029999852,0.6570000052,0.6940000057,0.7570000291,0.7860000134,0.9290000200,0.9570000172,1.5839999914,2.0320000648,2.5120000839
0.6200000048,0.6039999723,0.6150000095,0.6589999795,0.6850000024,0.8199999928,0.8470000029,1.4119999409,1.8539999723,2.4309999943
0.6790000200,0.7099999785,0.7310000062,0.7680000067,0.7860000134,0.8769999743,0.8960000277,1.4409999847,1.8910000324,2.3900001049
1.1069999933,0.9990000129,0.9599999785,0.9509999752,0.9570000172,1.0219999552,1.0379999876,1.4859999418,1.9140000343,2.4590001106
0.9029999971,0.9200000167,0.9449999928,1.0019999743,1.0310000181,1.1699999571,1.1959999800,1.6380000114,1.9819999933,2.4619998932
0.8450000286,0.9300000072,0.9829999804,1.0579999685,1.0900000334,1.2339999676,1.2610000372,1.7869999409,2.1180000305,2.4400000572
0.9290000200,0.9829999804,1.0210000277,1.0789999962,1.1050000191,1.2280000448,1.2519999743,1.7890000343,2.1359999180,2.4949998856
0.9490000010,0.9779999852,1.0089999437,1.0720000267,1.1039999723,1.2569999695,1.2860000134,1.8830000162,2.2100000381,2.5050001144
1.0970000029,1.0720000267,1.0939999819,1.1729999781,1.2170000076,1.4320000410,1.4730000496,2.0490000248,2.2939999104,2.6510000229
1.1390000582,1.2879999876,1.3780000210,1.5049999952,1.5590000153,1.7829999924,1.8209999800,2.3159999847,2.4700000286,2.7130000591
1.3279999495,1.3470000029,1.3849999905,1.4750000238,1.5210000277,1.7369999886,1.7760000229,2.2960000038,2.4690001011,2.7000000477
1.4960000515,1.5499999523,1.5989999771,1.6890000105,1.7309999466,1.9190000296,1.9529999495,2.3840000629,2.5290000439,2.7639999390
1.1519999504,1.3229999542,1.4299999475,1.5659999847,1.6189999580,1.8329999447,1.8689999580,2.3510000706,2.5329999924,2.7309999466
1.2710000277,1.4309999943,1.5290000439,1.6579999924,1.7100000381,1.9229999781,1.9600000381,2.4660000801,2.6619999409,2.8580000401
1.6670000553,1.7539999485,1.8170000315,1.9179999828,1.9630000591,2.1570000648,2.1909999847,2.6579999924,2.8320000172,2.9869999886
1.9479999542,2.0390000343,2.1010000706,2.1909999847,2.2279999256,2.3870000839,2.4149999619,2.7829999924,2.8949999809,2.9570000172
2.1449999809,2.1400001049,2.1470000744,2.1719999313,2.1860001087,2.2630000114,2.2780001163,2.6170001030,2.7869999409,2.8880000114
2.0520000458,2.0750000477,2.0999999046,2.1519999504,2.1770000458,2.2909998894,2.3120000362,2.5969998837,2.7019999027,2.8050000668
2.1110000610,2.3069999218,2.4079999924,2.5130000114,2.5490000248,2.6710000038,2.6889998913,2.8340001106,2.8489999771,2.8919999599
2.4240000248,2.4860000610,2.5269999504,2.5880000591,2.6129999161,2.7149999142,2.7320001125,2.8650000095,2.8829998970,2.9219999313
2.2780001163,2.3080000877,2.3289999962,2.3610000610,2.3750000000,2.4360001087,2.4470000267,2.6349999905,2.7249999046,2.8150000572
1.9689999819,2.1789999008,2.2769999504,2.3789999485,2.4130001068,2.5290000439,2.5460000038,2.7119998932,2.7650001049,2.8380000591
2.1979999542,2.2620000839,2.3220000267,2.4300000668,2.4809999466,2.6960000992,2.7320001125,3.0369999409,3.0620000362,3.0729999542
2.6280000210,2.6570000648,2.6970000267,2.7839999199,2.8259999752,3.0090000629,3.0390000343,3.2070000172,3.1280000210,3.0580000877
2.3740000725,2.5339999199,2.6189999580,2.7100000381,2.7409999371,2.8469998837,2.8619999886,2.9579999447,2.9389998913,2.8929998875
2.3329999447,2.3989999294,2.4460000992,2.5160000324,2.5469999313,2.6719999313,2.6930000782,2.9210000038,2.9730000496,2.9670000076
2.0820000172,2.2379999161,2.3519999981,2.5260000229,2.5989999771,2.8900001049,2.9349999428,3.2650001049,3.2739999294,3.1889998913
2.3959999084,2.5769999027,2.6909999847,2.8580000401,2.9279999733,3.1970000267,3.2369999886,3.5369999409,3.5380001068,3.4049999714
2.7000000477,2.8399999142,2.9300000668,3.0550000668,3.1070001125,3.3050000668,3.3350000381,3.4920001030,3.4219999313,3.3350000381
2.5599999428,2.7639999390,2.8900001049,3.0469999313,3.1059999466,3.3080000877,3.3350000381,3.4849998951,3.5090000629,3.4679999352
2.8059999943,3.0060000420,3.1489999294,3.3619999886,3.4449999332,3.6749999523,3.6940000057,3.7019999027,3.6259999275,3.4869999886
3.0769999027,3.1519999504,3.2890000343,3.5409998894,3.6289999485,3.7929999828,3.8010001183,3.7209999561,3.7109999657,3.7130000591
3.0639998913,3.0999999046,3.1440000534,3.2130000591,3.2349998951,3.2699999809,3.2709999084,3.2409999371,3.2469999790,3.2139999866
2.9379999638,3.1849999428,3.2890000343,3.3910000324,3.4200000763,3.4690001011,3.4709999561,3.4170000553,3.3940000534,3.3570001125
2.8859999180,2.9530000687,3.0120000839,3.1150000095,3.1610000134,3.3340001106,3.3580000401,3.4400000572,3.4230000973,3.3689999580
3.0209999084,3.0309998989,3.0720000267,3.1679999828,3.2139999866,3.4000000954,3.4260001183,3.5590000153,3.5710000992,3.5260000229
3.2100000381,3.2609999180,3.2980000973,3.3570001125,3.3819999695,3.4769999981,3.4900000095,3.6019999981,3.6760001183,3.6789999008
3.0829999447,3.2609999180,3.3629999161,3.4939999580,3.5439999104,3.6979999542,3.7139999866,3.7379999161,3.8310000896,3.8959999084
3.0559999943,3.2960000038,3.4219999313,3.5729999542,3.6259999275,3.7839999199,3.7980000973,3.8420000076,3.9210000038,3.8800001144
3.0720000267,3.4000000954,3.5820000172,3.8169999123,3.9010000229,4.1009998322,4.1090002060,3.8410000801,3.8190000057,3.7969999313
3.2279999256,3.5290000439,3.6979999542,3.8880000114,3.9539999962,4.1630001068,4.1880002022,4.0989999771,3.9960000515,4.0110001564
3.3610000610,3.5409998894,3.6500000954,3.7820000648,3.8299999237,3.9900000095,4.0089998245,4.0060000420,3.9489998817,3.9140000343
2.6349999905,3.0069999695,3.1919999123,3.3380000591,3.3729999065,3.4489998817,3.4560000896,3.4769999981,3.4159998894,3.3440001011
2.7279999256,2.7679998875,2.7850000858,2.7899999619,2.7880001068,2.7739999294,2.7720000744,2.7850000858,2.8550000191,3.0620000362
1.4559999704,1.4440000057,1.4900000095,1.6419999599,1.7230000496,2.0840001106,2.1440000534,2.6989998817,2.8859999180,3.1730000973
1.1369999647,1.1970000267,1.2690000534,1.4119999409,1.4789999723,1.7610000372,1.8049999475,2.3610000610,2.6519999504,3.0569999218
0.9900000095,1.0470000505,1.1119999886,1.2460000515,1.3109999895,1.6050000191,1.6569999456,2.3199999332,2.5769999027,2.9159998894
1.1549999714,1.1560000181,1.1770000458,1.2369999886,1.2690000534,1.4309999943,1.4620000124,2.0580000877,2.4089999199,2.8359999657
0.2489999980,0.4850000143,0.6299999952,0.8339999914,0.9190000296,1.2649999857,1.3209999800,1.9960000515,2.3410000801,2.9219999313
0.7469999790,0.7160000205,0.7390000224,0.8510000110,0.9150000215,1.2410000563,1.3029999733,2.2300000191,2.5539999008,3.0160000324
0.7039999962,0.8299999833,0.9229999781,1.0659999847,1.1289999485,1.4149999619,1.4680000544,2.4470000267,2.9089999199,3.1949999332
1.8719999790,2.2030000687,2.3789999485,2.5759999752,2.6470000744,2.9170000553,2.9619998932,3.5499999523,3.7039999962,3.7609999180
1.9490000010,2.5699999332,2.8849999905,3.1370000839,3.2000000477,3.3469998837,3.3629999161,3.6240000725,3.7539999485,3.7479999065
1.8220000267,2.2960000038,2.5339999199,2.7590000629,2.8289999962,3.0550000668,3.0889999866,3.5409998894,3.6840000153,3.7119998932
1.9040000439,2.5829999447,2.9089999199,3.1649999619,3.2279999256,3.3670001030,3.3810000420,3.5520000458,3.6280000210,3.6440000534
2.4189999104,2.6199998856,2.7449998856,2.9100000858,2.9690001011,3.1610000134,3.1900000572,3.6370000839,3.8199999332,3.9010000229
2.4670000076,2.6150000095,2.7639999390,3.0050001144,3.0899999142,3.3629999161,3.4030001163,3.9010000229,4.0040001869,3.9909999371
2.3789999485,2.6410000324,2.8310000896,3.0710000992,3.1449999809,3.3550000191,3.3829998970,3.7170000076,3.7909998894,3.7960000038
2.5669999123,2.7170000076,2.8919999599,3.1940000057,3.2920000553,3.5599999428,3.5940001011,3.9230000973,3.9839999676,3.9730000496
2.7390000820,2.7980000973,2.9440000057,3.2269999981,3.3180000782,3.5750000477,3.6080000401,4.0359997749,4.1779999733,4.2020001411
2.7469999790,2.8220000267,3.0260000229,3.4739999771,3.6029999256,3.8440001011,3.8610000610,4.1050000191,4.2140002251,4.1779999733
2.7739999294,2.9279999733,3.1640000343,3.6219999790,3.7490000725,3.9539999962,3.9660000801,4.3270001411,4.4120001793,4.2270002365
2.3989999294,2.7539999485,3.0420000553,3.5590000153,3.7929999828,4.3800001144,4.4089999199,4.3979997635,4.5789999962,4.4060001373
3.4769999981,3.7449998856,3.9549999237,4.2729997635,4.3860001564,4.5650000572,4.5630002022,4.5159997940,4.6669998169,4.4860000610
3.6380000114,3.8989999294,4.2150001526,4.7690000534,4.9019999504,4.9549999237,4.9250001907,4.7010002136,4.6929998398,4.4710001945
3.1689999104,3.7890000343,4.0590000153,4.3229999542,4.4239997864,4.5590000153,4.5479998589,4.4409999847,4.6909999847,4.4840002060
3.5309998989,4.2259998322,4.5219998360,4.7750000954,4.8420000076,4.9460000992,4.9470000267,4.8099999428,4.7350001335,4.5170001984
4.0789999962,4.2760000229,4.5590000153,4.8810000420,4.9400000572,5.0240001678,5.0250000954,4.8810000420,4.8070001602,4.7030000687
3.5380001068,3.8229999542,4.1119999886,4.4739999771,4.5640001297,4.7059998512,4.7109999657,4.7160000801,4.7610001564,4.6319999695
3.8069999218,4.0489997864,4.2500000000,4.3759999275,4.3750000000,4.3899998665,4.3959999084,4.5720000267,4.5989999771,4.3959999084
2.6830000877,2.9140000343,3.0950000286,3.3369998932,3.4140000343,3.6059999466,3.6270000935,3.9130001068,4.0349998474,4.0710000992
2.9700000286,3.0230000019,3.0750000477,3.3429999352,3.5320000648,4.1149997711,4.1570000648,4.3600001335,4.4879999161,4.3400001526
2.5959999561,3.0220000744,3.1630001068,3.3350000381,3.4509999752,3.8849999905,3.9289999008,4.2529997826,4.3119997978,4.1490001678
1.6549999714,1.9689999819,2.1970000267,2.5220000744,2.6480000019,3.1119999886,3.1800000668,3.8880000114,3.9930000305,4.2049999237
1.8309999704,2.0199999809,2.2090001106,2.5009999275,2.5959999561,2.8740000725,2.9100000858,3.2850000858,3.4649999142,3.8239998817
1.9720000029,2.3570001125,2.6150000095,2.8480000496,2.8670001030,2.8680000305,2.8819999695,3.3199999332,3.5599999428,3.8680000305
2.3399999142,2.3120000362,2.5299999714,2.8629999161,2.8929998875,2.8020000458,2.8020000458,3.3010001183,3.5920000076,3.8120000362
1.6059999466,1.9279999733,2.1849999428,2.5169999599,2.6070001125,2.8259999752,2.8550000191,3.3610000610,3.6579999924,3.8980000019
1.7890000343,2.1900000572,2.4409999847,2.6949999332,2.7669999599,2.9749999046,3.0069999695,3.5339999199,3.8050000668,3.9990000725
2.0260000229,2.1619999409,2.2750000954,2.4100000858,2.4419999123,2.5590000153,2.5829999447,3.1170001030,3.4360001087,3.7469999790
2.0390000343,2.1789999008,2.3010001183,2.4700000286,2.5220000744,2.7219998837,2.7599999905,3.3980000019,3.6500000954,3.8550000191
2.4820001125,2.5369999409,2.6180000305,2.7530000210,2.7990000248,2.9489998817,2.9719998837,3.3440001011,3.5350000858,3.7320001125
2.1919999123,2.3239998817,2.4170000553,2.5729999542,2.6429998875,2.8369998932,2.8589999676,3.2530000210,3.5569999218,3.8220000267
1.9329999685,2.2009999752,2.2660000324,2.3800001144,2.4839999676,2.8129999638,2.8450000286,3.2039999962,3.4690001011,3.7579998970
2.2390000820,2.3369998932,2.4010000229,2.5299999714,2.6040000916,2.8800001144,2.9170000553,3.3740000725,3.5940001011,3.8320000172
2.0780000687,2.2390000820,2.3080000877,2.4500000477,2.5380001068,2.8589999676,2.9049999714,3.5009999275,3.7260000706,3.9030001163
1.7439999580,2.1029999256,2.2420001030,2.4110000134,2.5030000210,2.8369998932,2.8810000420,3.5590000153,3.8740000725,4.0029997826
2.0469999313,2.2369999886,2.3650000095,2.6010000706,2.7100000381,3.0160000324,3.0529999733,3.6119999886,3.8680000305,4.0060000420
1.9919999838,2.1489999294,2.3369998932,2.6199998856,2.7049999237,2.9630000591,3.0000000000,3.5339999199,3.7379999161,3.8710000515
1.9570000172,2.1510000229,2.3229999542,2.5810000896,2.6689999104,2.9240000248,2.9579999447,3.4609999657,3.7109999657,3.9019999504
2.2780001163,2.4739999771,2.5959999561,2.7469999790,2.8029999733,3.0009999275,3.0329999924,3.5339999199,3.7969999313,4.0359997749
2.4830000401,2.6280000210,2.7490000725,2.8949999809,2.9419999123,3.1180000305,3.1480000019,3.5929999352,3.8380000591,4.0929999352
2.4849998951,2.6579999924,2.7469999790,2.8849999905,2.9479999542,3.1740000248,3.2100000381,3.7160000801,3.9489998817,4.1539998055
2.4849998951,2.6540000439,2.7630000114,2.8919999599,2.9319999218,3.0669999123,3.0880000591,3.4660000801,3.7509999275,4.1139998436
2.6319999695,2.7049999237,2.8280000687,2.9019999504,2.8729999065,2.8729999065,2.8900001049,3.3540000916,3.6229999065,3.9079999924
2.6940000057,2.7290000916,2.7760000229,2.8480000496,2.8710000515,2.9769999981,3.0000000000,3.4219999313,3.6419999599,3.9319999218
2.4549999237,2.6570000648,2.7219998837,2.7630000114,2.7909998894,2.9200000763,2.9379999638,3.3199999332,3.6589999199,3.9419999123
2.9279999733,2.9210000038,2.9500000477,2.9890000820,2.9920001030,3.0190000534,3.0350000858,3.4920001030,3.7669999599,3.9890000820
2.6849999428,2.8069999218,2.8989999294,3.0320000648,3.0820000172,3.2379999161,3.2569999695,3.5959999561,3.8599998951,4.0710000992
2.6610000134,2.7690000534,2.8529999256,2.9760000706,3.0199999809,3.1059999466,3.1089999676,3.3420000076,3.6840000153,3.9849998951
2.6860001087,2.7430000305,2.8350000381,2.9340000153,2.9340000153,2.9249999523,2.9309999943,3.3180000782,3.6819999218,3.9719998837
2.5329999924,2.6540000439,2.7449998856,2.8420000076,2.8529999256,2.8640000820,2.8759999275,3.3250000477,3.6440000534,3.9730000496
2.6710000038,2.8619999886,2.9340000153,2.9619998932,2.9660000801,2.9979999065,3.0090000629,3.3229999542,3.5869998932,3.9579999447
2.9409999847,2.9370000362,2.9670000076,3.0050001144,3.0000000000,2.9979999065,3.0099999905,3.3489999771,3.5339999199,3.9170000553
2.9279999733,2.9419999123,2.9839999676,3.0220000744,3.0120000839,2.9869999886,2.9930000305,3.3340001106,3.6310000420,3.9219999313
2.8420000076,2.8840000629,2.9360001087,2.9660000801,2.9519999027,2.9309999943,2.9419999123,3.3750000000,3.6870000362,3.9869999886
2.2039999962,2.5490000248,2.8459999561,3.1170001030,3.1240000725,2.9949998856,2.9890000820,3.3770000935,3.7039999962,4.0190000534
2.8529999256,2.8910000324,2.9440000057,3.0199999809,3.0350000858,3.0699999332,3.0810000896,3.4600000381,3.7130000591,4.0009999275
2.9500000477,3.0009999275,3.0569999218,3.1159999371,3.1180000305,3.1070001125,3.1150000095,3.5069999695,3.7609999180,4.0029997826
2.9749999046,3.0009999275,3.0539999008,3.1159999371,3.1189999580,3.1159999371,3.1250000000,3.5320000648,3.8099999428,4.0219998360
3.0529999733,3.1889998913,3.2899999619,3.3989999294,3.4189999104,3.4530000687,3.4609999657,3.7030000687,3.8810000420,4.0120000839
3.2639999390,3.3800001144,3.4379999638,3.5030000210,3.5260000229,3.5929999352,3.5980000496,3.7130000591,3.9179999828,4.0399999619
3.4370000362,3.4210000038,3.4660000801,3.5550000668,3.5729999542,3.5899999142,3.5920000076,3.7479999065,3.9449999332,4.1050000191
3.3640000820,3.4630000591,3.5439999104,3.6389999390,3.6540000439,3.6689999104,3.6730000973,3.8450000286,4.0139999390,4.1880002022
3.2739999294,3.4600000381,3.5710000992,3.6740000248,3.6960000992,3.7320001125,3.7369999886,3.8519999981,3.9800000191,4.1279997826
3.5109999180,3.5320000648,3.5850000381,3.6870000362,3.7179999352,3.8029999733,3.8139998913,3.9739999771,4.0679998398,4.1750001907
3.4240000248,3.4879999161,3.5469999313,3.6370000839,3.6679999828,3.7639999390,3.7769999504,3.9430000782,4.0489997864,4.2059998512
3.5280001163,3.5780000687,3.6530001163,3.7679998875,3.7999999523,3.8840000629,3.8949999809,4.0269999504,4.1129999161,4.2369999886
3.5130000114,3.5250000954,3.5969998837,3.7300000191,3.7679998875,3.8900001049,3.9089999199,4.1420001984,4.1999998093,4.2639999390
3.3199999332,3.4270000458,3.5060000420,3.6180000305,3.6610000134,3.7939999104,3.8120000362,4.0650000572,4.1710000038,4.2080001831
3.2890000343,3.4590001106,3.5220000744,3.5959999561,3.6440000534,3.8080000877,3.8250000477,3.9800000191,4.0729999542,4.1979999542
3.4560000896,3.5380001068,3.5450000763,3.5850000381,3.6259999275,3.7430000305,3.7539999485,3.9179999828,4.0570001602,4.1570000648
3.3169999123,3.4639999866,3.5079998970,3.5959999561,3.6459999084,3.7369999886,3.7369999886,3.8789999485,4.0830001831,4.2109999657
3.3980000019,3.5090000629,3.5590000153,3.6449999809,3.6909999847,3.7869999409,3.7920000553,3.9300000668,4.0840001106,4.2249999046
3.5260000229,3.5720000267,3.6310000420,3.7400000095,3.7820000648,3.8629999161,3.8670001030,3.9489998817,4.0549998283,4.1909999847
3.4509999752,3.5290000439,3.6189999580,3.7539999485,3.7939999104,3.8710000515,3.8770000935,3.9719998837,4.0609998703,4.1739997864
3.6310000420,3.8059999943,3.9049999714,4.0310001373,4.0780000687,4.1469998360,4.1469998360,4.1290001869,4.1469998360,4.1849999428
3.5610001087,3.7990000248,3.8889999390,3.9769999981,4.0029997826,4.0060000420,4.0000000000,4.0380001068,4.1209998131,4.2189998627
3.8540000916,3.8900001049,3.9249999523,4.0240001678,4.0590000153,4.0390000343,4.0260000229,4.0170001984,4.0949997902,4.1950001717
3.8659999371,3.9960000515,4.0390000343,4.1079998016,4.1339998245,4.1459999084,4.1409997940,4.0799999237,4.1269998550,4.2270002365
3.8220000267,3.9430000782,3.9830000401,4.0460000038,4.0739998817,4.0900001526,4.0850000381,4.0910000801,4.1430001259,4.2049999237
3.8849999905,3.9400000572,3.9869999886,4.0510001183,4.0679998398,4.0700001717,4.0659999847,4.0970001221,4.1440000534,4.1960000992
3.8629999161,3.9300000668,3.9539999962,4.0029997826,4.0260000229,4.0659999847,4.0679998398,4.0819997787,4.1409997940,4.2340002060
3.7869999409,3.8380000591,3.8659999371,3.9159998894,3.9340000153,3.9289999008,3.9249999523,4.0170001984,4.1100001335,4.2039999962
3.8120000362,3.8399999142,3.8870000839,3.9570000172,3.9749999046,3.9969999790,3.9990000725,4.1119999886,4.1739997864,4.2230000496
3.8069999218,3.8819999695,3.9330000877,4.0440001488,4.0879998207,4.1090002060,4.1050000191,4.1700000763,4.2300000191,4.2779998779
3.9489998817,4.0139999390,4.1059999466,4.2410001755,4.2789998055,4.3470001221,4.3509998322,4.3309998512,4.3639998436,4.4089999199
3.9170000553,4.0190000534,4.1339998245,4.2630000114,4.2909998894,4.3470001221,4.3520002365,4.4029998779,4.4450001717,4.4559998512
3.9249999523,4.0900001526,4.1789999008,4.3179998398,4.3670001030,4.4340000153,4.4400000572,4.5370001793,4.5599999428,4.5419998169
4.4400000572,4.5170001984,4.5710000992,4.7540001869,4.8249998093,4.9499998093,4.9640002251,5.0949997902,4.9650001526,4.7039999962
4.5209999084,4.6139998436,4.7210001945,4.8239998817,4.8429999352,4.8860001564,4.8979997635,5.0989999771,5.0240001678,4.7919998169
4.4970002174,4.6500000954,4.7379999161,4.9019999504,4.9650001526,5.1189999580,5.1329998970,5.2090001106,5.2789998055,5.1960000992
4.4029998779,4.5320000648,4.6119999886,4.7859997749,4.8489999771,4.9650001526,4.9739999771,5.0079998970,4.9590001106,4.8249998093
4.6310000420,4.6890001297,4.6979999542,4.8169999123,4.8720002174,4.9419999123,4.9489998817,5.0430002213,5.0159997940,4.9470000267
4.4949998856,4.6490001678,4.6929998398,4.8629999161,4.9470000267,5.0419998169,5.0549998283,5.2550001144,5.1119999886,4.9349999428
4.4949998856,4.5970001221,4.6170001030,4.7960000038,4.8680000305,4.9889998436,5.0180001259,5.3870000839,5.2569999695,5.1100001335
4.5760002136,4.7779998779,4.8119997978,5.0100002289,5.0900001526,5.1960000992,5.2119998932,5.4759998322,5.4629998207,5.2600002289
4.7919998169,5.0609998703,5.1199998856,5.5599999428,5.7579998970,5.9180002213,5.9450001717,6.2849998474,6.0050001144,5.5689997673
5.1979999542,5.3489999771,5.4780001640,5.7399997711,5.8299999237,5.9200000763,5.9149999619,5.6779999733,5.4229998589,5.0710000992
4.8480000496,5.1919999123,5.3559999466,5.6209998131,5.6960000992,5.7230000496,5.7150001526,5.5339999199,5.3800001144,5.0780000687
4.6240000725,5.1469998360,5.2849998474,5.3730001450,5.4120001793,5.4580001831,5.4770002365,5.5539999008,5.3709998131,5.2649998665
4.6989998817,4.8200001717,4.9380002022,5.0659999847,5.0799999237,5.0380001068,5.0339999199,4.9850001335,4.8740000725,4.7239999771
4.5370001793,4.6059999466,4.6090002060,4.6290001869,4.6350002289,4.6319999695,4.6339998245,4.6979999542,4.6849999428,4.6170001030
4.3720002174,4.5939998627,4.5949997902,4.6420001984,4.6570000648,4.6609997749,4.6810002327,4.8619999886,4.8000001907,4.8670001030
4.0139999390,4.1020002365,4.1609997749,4.1729998589,4.1620001793,4.1389999390,4.1420001984,4.2979998589,4.4210000038,4.5989999771
3.5429999828,3.7420001030,3.7730000019,3.8859999180,3.9300000668,4.0289998055,4.0570001602,4.5710000992,4.7179999352,4.9429998398
3.3450000286,3.4289999008,3.4920001030,3.7430000305,3.8389999866,4.0040001869,4.0390000343,4.6430001259,4.7109999657,4.9640002251
3.7479999065,3.9609999657,4.0510001183,4.3499999046,4.5399999619,5.0460000038,5.0840001106,5.2529997826,5.4229998589,5.4409999847
3.7880001068,4.0409998894,4.1810002327,4.5989999771,4.7769999504,5.1380000114,5.1599998474,5.0770001411,5.2039999962,5.3470001221
3.9279999733,4.2589998245,4.4899997711,4.8249998093,4.9549999237,5.2880001068,5.3150000572,5.3759999275,5.4429998398,5.4219999313
4.2480001450,4.3449997902,4.5869998932,5.0240001678,5.1589999199,5.3940000534,5.4000000954,5.4039998055,5.5089998245,5.5149998665
4.1849999428,4.4510002136,4.6300001144,5.0359997749,5.2239999771,5.4809999466,5.4959998131,5.6269998550,5.6820001602,5.7109999657
4.2750000954,4.7600002289,5.0380001068,5.4279999733,5.6040000916,5.7820000648,5.7540001869,5.6729998589,5.7760000229,5.8189997673
4.4260001183,4.8449997902,5.1630001068,5.5879998207,5.7230000496,5.9039998055,5.8979997635,5.8850002289,5.7919998169,5.7709999084
4.7389998436,4.8439998627,4.9520001411,5.1119999886,5.1700000763,5.4180002213,5.4539999962,5.5910000801,5.6750001907,5.7309999466
4.7880001068,5.0139999390,5.1220002174,5.2849998474,5.3439998627,5.4889998436,5.5069999695,5.7119998932,5.6999998093,5.6890001297
4.9409999847,5.1799998283,5.2789998055,5.4060001373,5.4670000076,5.6599998474,5.6849999428,5.9180002213,5.9050002098,5.9699997902
5.3350000381,5.5110001564,5.6100001335,5.7459998131,5.8020000458,5.9279999733,5.9380002022,6.0640001297,6.0320000648,5.9250001907
5.5679998398,5.7630000114,5.8400001526,6.0139999390,6.0830001831,6.1640000343,6.1690001488,6.0279998779,5.9400000572,5.9840002060
5.2890000343,5.3400001526,5.4159998894,5.6030001640,5.6950001717,5.9270000458,5.9450001717,5.8649997711,5.8189997673,5.7509999275
5.1020002365,5.1929998398,5.2319998741,5.3810000420,5.4359998703,5.4609999657,5.4629998207,5.5050001144,5.5229997635,5.5320000648
5.0489997864,5.2449998856,5.2560000420,5.3619999886,5.4130001068,5.4190001488,5.4120001793,5.4109997749,5.5089998245,5.5549998283
5.1970000267,5.2420001030,5.2760000229,5.4019999504,5.4460000992,5.4159998894,5.4120001793,5.4739999771,5.5289998055,5.6469998360
5.3359999657,5.4640002251,5.5859999657,5.6589999199,5.6700000763,5.7030000687,5.6999998093,5.6119999886,5.6510000229,5.7899999619
5.0710000992,5.4689998627,5.6020002365,5.7300000191,5.7800002098,5.8709998131,5.8579998016,5.6560001373,5.7430000305,5.9510002136
6.1380000114,6.2430000305,6.3080000877,6.4860000610,6.5630002022,6.6240000725,6.6170001030,6.5539999008,6.4270000458,6.4169998169
5.9479999542,6.1020002365,6.2859997749,6.4790000916,6.5089998245,6.4939999580,6.4819998741,6.3200001717,6.2379999161,6.3379998207
5.8920001984,6.1820001602,6.2989997864,6.4860000610,6.5489997864,6.5240001678,6.5050001144,6.6770000458,6.4489998817,6.3680000305
5.6380000114,6.0830001831,6.1240000725,6.1919999123,6.2690000534,6.3249998093,6.3130002022,6.2659997940,6.2940001488,6.4210000038
6.1110000610,5.9699997902,6.0120000839,6.1199998856,6.1459999084,6.2239999771,6.2360000610,6.4260001183,6.3870000839,6.3350000381
5.9710001945,6.0939998627,6.2039999962,6.4000000954,6.4770002365,6.5949997902,6.5989999771,6.8189997673,6.6310000420,6.5749998093
6.2560000420,6.4400000572,6.4920001030,6.9029998779,7.2039999962,7.6890001297,7.6719999313,7.3499999046,6.9660000801,6.5879998207
6.5469999313,7.0500001907,7.1909999847,7.3680000305,7.4670000076,7.6449999809,7.6500000954,7.3060002327,6.8439998627,6.4790000916
7.0469999313,7.0999999046,7.0710000992,7.2540001869,7.3899998665,7.5390000343,7.5310001373,7.2630000114,6.9510002136,6.5409998894
7.0310001373,7.0659999847,7.1919999123,7.4479999542,7.5399999619,7.7870001793,7.8140001297,7.8020000458,7.6599998474,7.1989998817
6.6939997673,6.9310002327,7.0489997864,7.4120001793,7.5190000534,7.4429998398,7.3959999084,7.3049998283,7.0409998894,6.7170000076
6.8920001984,7.4070000648,7.6669998169,7.9889998436,8.0559997559,7.9060001373,7.8429999352,7.5520000458,7.2729997635,7.0159997940
7.2800002098,7.9970002174,8.1359996796,8.2239999771,8.2740001678,7.9949998856,7.9369997978,8.1560001373,7.7810001373,7.3229999542
7.6220002174,7.9299998283,8.0120000839,8.0690002441,8.0600004196,7.9670000076,7.9629998207,7.9580001831,7.9219999313,7.4390001297
6.6830000877,6.9369997978,7.0110001564,7.0050001144,6.9759998322,6.8870000839,6.8920001984,7.1830000877,7.1250000000,6.8080000877
6.4250001907,6.3880000114,6.4829998016,6.5890002251,6.5869998932,6.6389999390,6.6550002098,7.0000000000,7.1110000610,6.8350000381
6.5229997635,6.7829999924,7.0310001373,7.2789998055,7.3280000687,7.5009999275,7.5269999504,7.7919998169,7.8330001831,7.7140002251
6.5640001297,6.8200001717,7.0359997749,7.1919999123,7.2059998512,7.4089999199,7.4520001411,7.7259998322,7.5910000801,7.6999998093
6.1189999580,6.4460000992,6.5209999084,6.6799998283,6.7969999313,7.1700000763,7.2150001526,7.6139998436,7.6259999275,7.5019998550
5.9200000763,6.5000000000,6.4270000458,6.5040001869,6.6589999199,6.8829998970,6.8940000534,7.4510002136,7.4770002365,7.6040000916
6.2379999161,6.3319997787,6.3769998550,6.5580000877,6.6729998589,6.7820000648,6.7810001373,7.3099999428,7.3489999771,7.5689997673
5.5570001602,5.7100000381,6.0310001373,6.4749999046,6.5359997749,6.6020002365,6.6040000916,6.8210000992,7.0780000687,7.2989997864
5.4549999237,5.7569999695,5.9569997787,6.1739997864,6.2270002365,6.3299999237,6.3420000076,6.7069997787,6.9730000496,7.1970000267
4.7540001869,4.9739999771,5.0679998398,5.0570001602,5.0479998589,5.1389999390,5.1609997749,5.6189999580,6.0809998512,6.4889998436
4.5720000267,4.8390002251,4.8990001678,4.9279999733,4.9140000343,4.9510002136,4.9939999580,5.7439999580,5.9959998131,6.3379998207
4.1129999161,4.1539998055,4.1729998589,4.2519998550,4.2459998131,4.2140002251,4.2389998436,5.2309999466,5.8720002174,6.1739997864
3.2500000000,3.3450000286,3.4249999523,3.5639998913,3.6099998951,3.7260000706,3.7460000515,4.7810001373,5.4939999580,6.1240000725
3.4619998932,3.5399999619,3.6400001049,3.6919999123,3.6949999332,3.7839999199,3.8090000153,4.5190000534,5.1500000954,5.7189998627
3.8069999218,3.9660000801,4.0440001488,4.2399997711,4.3340001106,4.5920000076,4.6350002289,5.6319999695,6.0529999733,6.1490001678
4.2030000687,4.3470001221,4.3769998550,4.4429998398,4.5100002289,4.9039998055,4.9720001221,5.7760000229,6.1230001450,6.5289998055
4.9499998093,5.1250000000,5.1199998856,5.2930002213,5.4650001526,5.9920001030,6.0570001602,6.6599998474,6.8029999733,6.8270001411
5.2059998512,5.3299999237,5.3109998703,5.6370000839,5.8239998817,6.0450000763,6.0630002022,6.7719998360,6.9109997749,6.9460000992
4.4559998512,4.4219999313,4.4000000954,4.6430001259,4.8189997673,5.2300000191,5.2729997635,5.7020001411,5.9330000877,6.2979998589
4.4730000496,4.5199999809,4.6459999084,4.8940000534,4.9869999886,5.2430000305,5.2740001678,5.7010002136,5.9530000687,5.9699997902
4.0570001602,4.2859997749,4.3740000725,4.4730000496,4.4819998741,4.5539999008,4.6030001640,5.1880002022,5.7589998245,5.9600000381
4.0640001297,4.2810001373,4.3460001945,4.4479999542,4.5040001869,4.7129998207,4.7519998550,5.2750000954,5.8400001526,5.8460001945
3.3299999237,3.5050001144,3.7019999027,3.9869999886,4.0349998474,4.2259998322,4.2930002213,5.0430002213,5.4939999580,5.9660000801
3.0239999294,3.2820000648,3.3810000420,3.6800000668,3.7839999199,4.1189999580,4.1830000877,5.2940001488,5.7620000839,6.3990001678
3.2500000000,3.2880001068,3.4409999847,3.7190001011,3.8190000057,4.1799998283,4.2399997711,5.2290000916,5.6820001602,6.2560000420
3.4200000763,3.6400001049,3.9249999523,4.3319997787,4.4660000801,4.9349999428,5.0040001869,5.7829999924,6.0390000343,6.2160000801
3.2850000858,3.4409999847,3.6689999104,4.0089998245,4.1199998856,4.4439997673,4.4970002174,5.5489997864,5.8309998512,6.2090001106
3.5030000210,3.6659998894,3.8099999428,4.0910000801,4.2109999657,4.5209999084,4.5609998703,5.3369998932,5.7259998322,6.1380000114
3.6749999523,3.9089999199,4.1079998016,4.5100002289,4.6900000572,5.1279997826,5.1710000038,5.6779999733,5.9439997673,6.2439999580
3.5550000668,3.7019999027,3.8599998951,4.2480001450,4.4320001602,4.8390002251,4.8779997826,5.7179999352,5.9689998627,6.4010000229
4.3460001945,4.4180002213,4.5079998970,4.8460001945,5.0199999809,5.3449997902,5.3699998856,5.8940000534,6.1300001144,6.5130000114
4.4819998741,4.5240001678,4.7399997711,5.1719999313,5.3099999428,5.6050000191,5.6319999695,5.9689998627,6.0900001526,6.6230001450
4.5399999619,4.6539998055,4.8179998398,5.0949997902,5.1859998703,5.4450001717,5.4790000916,5.9759998322,6.1050000191,6.4479999542
4.7930002213,4.8260002136,4.9180002213,5.1649999619,5.2639999390,5.3619999886,5.3629999161,5.8810000420,5.9899997711,6.3359999657
4.9270000458,5.0809998512,5.2220001221,5.4260001183,5.4850001335,5.5780000687,5.5910000801,6.0440001488,6.1189999580,6.4109997749
5.4369997978,5.6209998131,5.7680001259,5.9289999008,5.9650001526,6.0450000763,6.0580000877,6.3509998322,6.3390002251,6.4460000992
5.5920000076,5.7340002060,5.9010000229,6.1090002060,6.1599998474,6.3579998016,6.3909997940,6.6570000648,6.6199998856,6.5539999008
6.0830001831,6.3359999657,6.5339999199,6.8229999542,6.9130001068,6.9770002365,6.9619998932,6.7090001106,6.6550002098,6.5809998512
6.0130000114,6.1739997864,6.3880000114,6.6370000839,6.6840000153,6.7239999771,6.7189998627,6.6199998856,6.6079998016,6.5739998817
6.5310001373,6.8610000610,7.0110001564,7.0989999771,7.1050000191,7.0630002022,7.0479998589,6.6399998665,6.6589999199,6.7810001373
7.4539999962,7.5560002327,7.6199998856,7.7560000420,7.8119997978,7.6640000343,7.5929999352,6.8680000305,6.7600002289,6.7930002213
8.2889995575,8.3909997940,8.3570003510,8.5159997940,8.6549997330,8.7100000381,8.6639995575,7.8779997826,7.5879998207,7.3359999657
8.6359996796,8.7060003281,8.6800003052,8.7040004730,8.7399997711,8.5380001068,8.4650001526,7.3020000458,7.0609998703,7.0370001793
7.1259999275,7.0390000343,7.2480001450,7.6729998589,7.7760000229,7.6500000954,7.5770001411,6.6849999428,6.6240000725,6.7639999390
7.1469998360,7.3600001335,7.4089999199,7.6300001144,7.6909999847,7.0770001411,6.9850001335,6.9310002327,6.8420000076,6.8909997940
7.4879999161,7.4330000877,7.6230001450,8.0209999084,8.0670003891,7.5440001488,7.4250001907,6.7210001945,6.6690001488,6.7859997749
7.2919998169,7.4460000992,7.5720000267,7.6339998245,7.5859999657,7.1810002327,7.1119999886,6.7039999962,6.6310000420,6.7919998169
7.5180001259,7.6230001450,7.6640000343,7.5539999008,7.4710001945,7.0879998207,7.0250000954,6.7480001450,6.7699999809,7.0040001869
7.5780000687,7.6539998055,7.5869998932,7.5430002213,7.4809999466,7.0440001488,6.9889998436,6.7989997864,6.8470001221,7.0890002251
8.5129995346,8.6540002823,8.6400003433,8.5830001831,8.5570001602,8.3470001221,8.2889995575,7.6950001717,7.5489997864,7.4860000610
8.7270002365,8.9020004272,9.0080003738,8.9829998016,8.9899997711,8.9989995956,8.9409999847,8.1560001373,8.0299997330,7.8940000534
7.6640000343,7.9479999542,8.2899999619,8.4700002670,8.5100002289,8.7709999084,8.7299995422,7.9809999466,7.8909997940,7.8340001106
7.6550002098,7.6880002022,7.7569999695,8.0360002518,8.2100000381,8.7010002136,8.6829996109,8.2690000534,8.1099996567,7.8400001526
7.5529999733,7.7379999161,7.7430000305,8.0719995499,8.2629995346,8.6610002518,8.6520004272,8.4540004730,8.2790002823,8.0089998245
9.2049999237,9.2320003510,9.2959995270,9.5889997482,9.7290000916,9.8269996643,9.7399997711,8.5129995346,8.4029998779,8.2749996185
6.0560002327,6.0749998093,6.3210000992,7.3060002327,7.6960000992,8.3070001602,8.2919998169,8.0080003738,7.9039998055,7.8899998665
7.1170001030,7.7049999237,8.0850000381,8.0920000076,8.0159997940,7.8899998665,7.8590002060,7.8509998322,7.7969999313,7.7459998131
7.4520001411,7.5190000534,7.6269998550,7.8109998703,7.8299999237,7.5669999123,7.5120000839,7.4060001373,7.5190000534,7.6989998817
6.7699999809,7.0019998550,7.1789999008,7.2579998970,7.2329998016,7.1350002289,7.1279997826,7.2350001335,7.1719999313,7.4270000458
5.5329999924,5.6739997864,5.8390002251,5.9970002174,6.0199999809,6.1069998741,6.1500000954,6.9770002365,7.2379999161,7.4790000916
4.9770002365,5.3270001411,5.5500001907,5.7280001640,5.7649998665,5.8940000534,5.9190001488,6.5879998207,7.0599999428,7.4869999886
5.2659997940,5.4829998016,5.6579999924,5.8169999123,5.8629999161,6.1110000610,6.1640000343,6.9990000725,7.4019999504,7.9330000877
5.1490001678,5.4070000648,5.5949997902,6.0120000839,6.2010002136,6.7699999809,6.8600001335,7.7940001488,7.9670000076,8.1289997101
4.9400000572,5.1440000534,5.2820000648,5.5019998550,5.5999999046,5.9959998131,6.0710000992,7.2020001411,7.5580000877,7.9660000801
5.6669998169,5.8309998512,6.0359997749,6.2560000420,6.3249998093,6.7890000343,6.8489999771,7.4780001640,7.7030000687,7.8680000305
6.0029997826,6.1310000420,6.3400001526,6.7459998131,6.8959999084,7.2210001945,7.2610001564,7.8330001831,7.9349999428,8.0299997330
5.9800000191,6.2399997711,6.5029997826,6.9340000153,7.0840001106,7.4279999733,7.4609999657,7.8889999390,8.0229997635,8.0889997482
6.3099999428,6.4650001526,6.6929998398,7.0910000801,7.2259998322,7.5720000267,7.6209998131,8.1899995804,8.2790002823,8.3719997406
5.3600001335,5.4879999161,5.6259999275,5.8049998283,5.8629999161,6.2179999352,6.2919998169,7.2399997711,7.5479998589,7.9270000458
5.1250000000,5.4569997787,5.6799998283,6.0209999084,6.1510000229,6.5050001144,6.5679998398,7.4920001030,7.8169999123,8.2189998627
5.0560002327,5.1640000343,5.2919998169,5.5289998055,5.6319999695,6.0349998474,6.1009998322,7.0419998169,7.4229998589,7.7979998589
4.5250000954,4.6319999695,4.7890000343,5.0219998360,5.1059999466,5.4790000916,5.5580000877,6.9010000229,7.4499998093,7.8850002289
4.6719999313,4.8850002289,5.0949997902,5.4650001526,5.6090002060,6.0440001488,6.1110000610,7.0920000076,7.4340000153,7.7969999313
4.7779998779,4.8909997940,5.0520000458,5.3680000305,5.4980001450,5.9670000076,6.0399999619,6.9749999046,7.3289999962,7.6939997673
4.6960000992,4.7950000763,4.9939999580,5.3070001602,5.4279999733,5.9270000458,6.0139999390,6.8750000000,7.2789998055,7.6869997978
5.2439999580,5.4800000191,5.6149997711,5.9629998207,6.1149997711,6.5720000267,6.6609997749,7.4590001106,7.6820001602,7.8940000534
5.2960000038,5.3649997711,5.4749999046,5.8020000458,5.9320001602,6.2820000648,6.3559999466,7.1680002213,7.4910001755,7.8060002327
5.1020002365,5.1630001068,5.2680001259,5.5469999313,5.6529998779,6.0000000000,6.0770001411,6.9699997902,7.3860001564,7.8449997902
4.9780001640,5.0900001526,5.1680002213,5.4060001373,5.5029997826,5.7610001564,5.8270001411,6.6700000763,7.1090002060,7.6589999199
5.0679998398,5.0929999352,5.1789999008,5.3839998245,5.4660000801,5.6779999733,5.7309999466,6.5430002213,7.0130000114,7.5580000877
4.7449998856,4.8509998322,4.9790000916,5.1529998779,5.2020001411,5.3990001678,5.4580001831,6.2740001678,6.7350001335,7.4590001106
4.4120001793,4.4559998512,4.5050001144,4.6300001144,4.6830000877,4.8410000801,4.8819999695,5.6579999924,6.0139999390,7.0890002251
4.2630000114,4.3439998627,4.4479999542,4.5900001526,4.6259999275,4.7950000763,4.8400001526,5.6649999619,6.1149997711,6.8340001106
4.5659999847,4.6570000648,4.8130002022,5.0599999428,5.1449999809,5.4749999046,5.5479998589,6.4590001106,6.9109997749,7.3750000000
4.5229997635,4.6510000229,4.7849998474,4.9910001755,5.0700001717,5.4470000267,5.5159997940,6.4559998512,6.9800000191,7.4450001717
4.5069999695,4.5539999008,4.6550002098,4.8319997787,4.9109997749,5.3359999657,5.4070000648,6.3819999695,6.9099998474,7.4239997864
4.4419999123,4.5760002136,4.7179999352,4.9539999962,5.0510001183,5.4439997673,5.5110001564,6.4029998779,6.9200000763,7.4489998817
4.9010000229,5.0040001869,5.1090002060,5.2960000038,5.3740000725,5.6529998779,5.7010002136,6.3839998245,6.8420000076,7.3909997940
4.9559998512,5.0100002289,5.1180000305,5.3189997673,5.3899998665,5.5929999352,5.6360001564,6.2909998894,6.7290000916,7.2699999809
5.2480001450,5.3579998016,5.4809999466,5.7179999352,5.8109998703,6.0489997864,6.0850000381,6.6269998550,6.9889998436,7.3839998245
5.3810000420,5.4879999161,5.6550002098,5.9390001297,6.0260000229,6.2389998436,6.2620000839,6.6510000229,6.8909997940,7.2500000000
5.7430000305,5.8530001640,6.0359997749,6.2769999504,6.3369998932,6.5390000343,6.5679998398,6.8550000191,7.0560002327,7.3299999237
6.1110000610,6.1640000343,6.3670001030,6.6469998360,6.7129998207,6.9670000076,7.0050001144,7.2870001793,7.4190001488,7.5469999313
5.6719999313,5.9679999352,6.1939997673,6.4850001335,6.5760002136,6.8379998207,6.8689999580,7.1830000877,7.2820000648,7.5130000114
5.8220000267,6.1290001869,6.3229999542,6.5539999008,6.6300001144,6.8909997940,6.9210000038,7.2480001450,7.4539999962,7.6810002327
6.0700001717,6.3460001945,6.5320000648,6.7740001678,6.8579998016,7.0929999352,7.1180000305,7.4200000763,7.6110000610,7.8150000572
6.2259998322,6.4149999619,6.5549998283,6.8080000877,6.9190001488,7.1339998245,7.1589999199,7.5780000687,7.7620000839,7.9180002213
6.5640001297,6.5089998245,6.6189999580,6.8709998131,6.9679999352,7.2829999924,7.3239998817,7.6929998398,7.8460001945,8.0200004578
6.0260000229,6.2470002174,6.5050001144,6.9330000877,7.0869998932,7.4800000191,7.5240001678,7.8309998512,7.9279999733,8.1020002365
6.4419999123,6.6040000916,6.8119997978,7.2090001106,7.3619999886,7.7420001030,7.7789998055,8.0059995651,8.1280002594,8.2679996490
6.6059999466,6.9460000992,7.2459998131,7.6329998970,7.7459998131,8.1520004272,8.1990003586,8.3409996033,8.3140001297,8.4510002136
6.5539999008,6.7620000839,7.0050001144,7.4409999847,7.6170001030,8.1490001678,8.1979999542,8.2899999619,8.2869997025,8.3859996796
7.8750000000,7.7569999695,7.6999998093,7.8369998932,7.9539999962,8.2829999924,8.3020000458,8.2270002365,8.2049999237,8.2030000687
7.9970002174,8.1479997635,8.3240003586,8.5909996033,8.6590003967,8.6639995575,8.6579999924,8.3000001907,8.2939996719,8.4289999008
8.6549997330,8.8369998932,8.9370002747,9.3090000153,9.5030002594,9.7080001831,9.6569995880,9.0719995499,8.8260002136,8.6619997025
8.9890003204,9.0640001297,9.1730003357,9.4519996643,9.5810003281,9.7880001068,9.7569999695,8.8629999161,8.6330003738,8.6230001450
8.6280002594,9.2469997406,9.5520000458,9.7749996185,9.8570003510,10.3350000381,10.3290004730,9.3269996643,9.0059995651,8.8640003204
9.5069999695,9.4879999161,9.5570001602,9.6820001602,9.7299995422,9.8350000381,9.7959995270,8.8730001450,8.6719999313,8.7170000076
9.6269998550,9.6529998779,9.6719999313,9.8199996948,9.9049997330,9.9919996262,9.9709997177,9.2010002136,8.9820003510,8.9670000076
9.5889997482,9.6470003128,9.7080001831,9.8009996414,9.8310003281,9.8109998703,9.7729997635,9.1219997406,8.8909997940,8.9020004272
9.5839996338,9.6730003357,9.7829999924,9.8979997635,9.9300003052,9.9499998093,9.9099998474,9.2440004349,9.0760002136,9.1230001450
9.7779998779,9.7790002823,9.7950000763,9.7889995575,9.7770004272,9.6540002823,9.6120004654,8.9110002518,8.7589998245,8.8699998856
8.9770002365,9.1260004044,9.1940002441,9.2419996262,9.2510004044,9.1639995575,9.1090002060,8.5659999847,8.4989995956,8.6269998550
9.1359996796,9.2200002670,9.4020004272,9.5930004120,9.6280002594,9.5500001907,9.4849996567,8.8199996948,8.7379999161,8.8210000992
10.1070003510,10.1009998322,10.0249996185,10.1040000916,10.1879997253,10.2600002289,10.2130002975,9.2840003967,9.1029996872,8.9879999161
10.2180004120,10.3360004425,10.3900003433,10.4799995422,10.5200004578,10.5240001678,10.4790000916,9.4510002136,9.2229995728,9.1569995880
11.7279996872,12.1529998779,12.4879999161,12.7220001221,12.7290000916,12.5439996719,12.4379997253,11.2290000916,10.7749996185,10.3109998703
11.2299995422,11.6899995804,11.7749996185,11.9469995499,12.0270004272,11.4230003357,11.3310003281,10.3409996033,10.2069997787,10.1120004654
10.2740001678,11.8819999695,12.2849998474,12.3520002365,12.2980003357,11.5220003128,11.4130001068,10.3889999390,10.0299997330,10.0240001678
11.8710002899,12.2829999924,12.3640003204,12.4270000458,12.4250001907,11.8000001907,11.7290000916,10.9029998779,10.7239999771,10.9029998779
13.9189996719,14.2550001144,14.3240003586,14.5369997025,14.7309999466,14.9049997330,14.9040002823,13.6499996185,12.9069995880,12.2829999924
15.0710000992,15.4449996948,15.2410001755,15.5340003967,15.9239997864,15.4460000992,15.2810001373,13.2460002899,12.3830003738,12.0179996490
10.3889999390,10.5240001678,10.6759996414,10.9510002136,11.0410003662,11.0069999695,10.9639997482,10.3830003738,10.4399995804,10.7089996338
7.8470001221,7.7639999390,7.9109997749,8.2500000000,8.3629999161,8.6149997711,8.6859998703,9.1389999390,9.7040004730,10.2089996338
6.6649999619,7.9429998398,8.1560001373,8.1300001144,8.1979999542,8.3879995346,8.4259996414,9.0920000076,9.4189996719,10.0249996185
7.8350000381,8.5710000992,8.8020000458,8.9049997330,8.9340000153,9.0850000381,9.1350002289,9.7650003433,10.1099996567,10.6979999542
9.1999998093,9.8570003510,10.2550001144,10.6350002289,10.7130002975,11.0690002441,11.1420001984,11.2650003433,11.4770002365,11.2010002136
11.2040004730,11.4219999313,11.6250000000,11.8929996490,11.9469995499,11.9130001068,11.8929996490,11.6750001907,11.5850000381,11.5520000458
11.6569995880,12.5769996643,12.9949998856,13.2130002975,13.2659997940,13.1660003662,13.1059999466,12.5629997253,12.3579998016,11.9860000610
14.3940000534,14.8020000458,14.8559999466,14.7480001450,14.8330001831,14.6199998856,14.4479999542,13.1619997025,12.6610002518,12.0559997559
12.9010000229,14.1999998093,14.7580003738,14.5799999237,14.4040002823,13.3999996185,13.2010002136,12.2729997635,12.1049995422,11.9440002441
14.7170000076,15.0570001602,15.0249996185,14.6879997253,14.5419998169,13.7939996719,13.6549997330,12.4860000610,12.3599996567,12.1920003891
14.1969995499,14.5640001297,14.6979999542,14.6210002899,14.5559997559,14.0989999771,13.9969997406,13.4619998932,13.2880001068,12.9130001068
13.0340003967,12.9409999847,12.8229999542,12.6619997025,12.6520004272,12.8280000687,12.8620004654,12.9250001907,13.0069999695,12.6850004196
14.1140003204,14.9890003204,15.2040004730,14.9980001450,14.9580001831,14.7390003204,14.6730003357,14.1239995956,13.9029998779,13.4989995956
16.2099990845,16.0100002289,15.6730003357,15.0640001297,14.9519996643,14.7489995956,14.6859998703,13.8210000992,13.3140001297,12.8870000839
14.4130001068,14.6099996567,14.6490001678,14.6499996185,14.6590003967,14.4560003281,14.4200000763,13.9259996414,13.7360000610,13.2919998169
14.9799995422,15.2700004578,15.4060001373,15.6669998169,15.8009996414,15.7899999619,15.7480001450,15.0360002518,14.6619997025,13.8879995346
15.6389999390,15.8409996033,15.9989995956,16.3309993744,16.5109996796,16.4340000153,16.3449993134,15.5959997177,15.4610004425,14.6059999466
13.6789999008,14.3769998550,14.7589998245,15.3489999771,15.6529998779,15.9440002441,15.9110002518,15.8249998093,15.6960000992,15.0649995804
12.9720001221,13.0880002975,13.1250000000,13.4160003662,13.6890001297,14.1190004349,14.0989999771,14.2519998550,14.3559999466,14.2110004425
10.2370004654,10.3710002899,10.5679998398,10.9420003891,11.0550003052,11.4820003510,11.5640001297,12.5260000229,12.7229995728,12.9469995499
9.7100000381,10.7930002213,11.5089998245,12.3009996414,12.5520000458,13.2530002594,13.3269996643,13.5819997787,13.7659997940,13.6689996719
12.1409997940,12.5129995346,12.8430004120,13.2899999619,13.4079999924,13.7609996796,13.8050003052,13.9149999619,13.9049997330,13.8020000458
11.9799995422,12.2690000534,12.7170000076,13.4739999771,13.5550003052,13.6739997864,13.7510004044,13.8249998093,13.7060003281,13.5810003281
13.9630002975,13.6649999619,13.6630001068,13.8420000076,13.8649997711,13.9230003357,13.9460000992,14.0620002747,13.9359998703,13.6350002289
12.3159999847,12.4580001831,12.7110004425,13.0860004425,13.1560001373,13.4049997330,13.4589996338,13.6090002060,13.4580001831,13.3059997559
11.6160001755,11.7150001526,11.8549995422,12.1370000839,12.2449998856,12.7650003433,12.8669996262,13.3730001450,13.4910001755,13.3020000458
11.7419996262,12.5659999847,13.1160001755,13.6820001602,13.8129997253,14.1549997330,14.2110004425,14.4280004501,14.2650003433,13.8420000076
9.1470003128,9.8199996948,10.4969997406,11.5010004044,11.7709999084,12.5299997330,12.6459999084,13.3140001297,13.3520002365,13.2770004272
7.5130000114,7.7800002098,8.3310003281,9.4779996872,9.8360004425,10.9809999466,11.1680002213,12.2569999695,12.4729995728,12.4390001297
6.9369997978,7.2369999886,7.7740001678,8.8950004578,9.2250003815,10.1929998398,10.3690004349,11.5629997253,11.6499996185,11.7410001755
7.7220001221,7.8299999237,8.1120004654,8.6289997101,8.7349996567,9.2860002518,9.4540004730,10.5190000534,10.7480001450,10.8690004349
7.8730001450,8.1140003204,8.3909997940,8.8109998703,8.8699998856,9.1820001602,9.3210000992,10.3299999237,10.7100000381,10.9700002670
8.0710000992,8.1110000610,8.1739997864,8.3059997559,8.3350000381,8.6639995575,8.7860002518,9.9209995270,10.3290004730,10.5850000381
8.0659999847,8.1510000229,8.2629995346,8.4639997482,8.5159997940,8.8559999466,8.9560003281,10.0869998932,10.5520000458,11.0369997025
7.9089999199,7.9640002251,8.0629997253,8.2309999466,8.2419996262,8.4820003510,8.6079998016,9.6979999542,9.8590002060,10.3629999161
8.5579996109,8.7239999771,8.8559999466,9.0059995651,9.0229997635,9.1759996414,9.2460002899,10.0109996796,10.3140001297,10.6389999390
8.0989999771,8.1870002747,8.2779998779,8.3929996490,8.4079999924,8.6379995346,8.7200002670,9.6280002594,9.9709997177,10.3210000992
8.5590000153,8.7110004425,8.8330001831,9.0000000000,9.0480003357,9.2600002289,9.3179998398,10.1820001602,10.5170001984,10.8620004654
8.5679998398,8.8129997253,8.9809999466,9.1750001907,9.2360000610,9.5120000839,9.5830001831,10.3970003128,10.6920003891,11.0030002594
8.9549999237,9.2220001221,9.4340000153,9.7209997177,9.8079996109,10.2370004654,10.3459997177,11.1579999924,11.5299997330,11.7790002823
9.0080003738,9.2489995956,9.4639997482,9.8020000458,9.9110002518,10.2819995880,10.3629999161,11.3470001221,11.6949996948,11.7889995575
8.7749996185,8.8260002136,8.9230003357,9.1510000229,9.2430000305,9.6250000000,9.6979999542,10.6560001373,11.1289997101,11.3760004044
8.4910001755,8.5780000687,8.7159996033,9.0120000839,9.1219997406,9.5389995575,9.6210002899,10.8280000687,11.2910003662,11.6420001984
8.5760002136,8.8750000000,9.0679998398,9.2849998474,9.3730001450,9.6649999619,9.7100000381,10.7650003433,11.2609996796,11.4659996033
8.6330003738,8.9729995728,9.1969995499,9.4200000763,9.5010004044,9.8319997787,9.8940000534,10.9300003052,11.4289999008,11.6579999924
8.9399995804,9.0170001984,9.0970001221,9.2519998550,9.3190002441,9.5819997787,9.6339998245,10.6940002441,11.2040004730,11.5319995880
8.8629999161,9.1700000763,9.3730001450,9.6040000916,9.6829996109,9.9370002747,9.9849996567,11.0450000763,11.6090002060,11.8549995422
9.5039997101,9.7550001144,9.9659996033,10.2170000076,10.2659997940,10.5299997330,10.6110000610,11.5799999237,12.0659999847,12.3070001602
9.4879999161,9.7270002365,9.9619998932,10.2690000534,10.3389997482,10.7159996033,10.8109998703,11.8920001984,12.3400001526,12.5989999771
9.5579996109,9.6890001297,10.0389995575,10.7939996719,11.0089998245,11.7639999390,11.9270000458,13.2930002213,13.4359998703,13.6239995956
9.3859996796,9.8350000381,10.1800003052,10.7279996872,10.9779996872,11.8750000000,11.9879999161,13.0869998932,13.3999996185,13.5080003738
10.0290002823,10.3269996643,10.5670003891,10.9119997025,11.0290002823,11.5299997330,11.6309995651,12.3400001526,12.5190000534,12.6470003128
10.7430000305,10.7559995651,10.8210000992,11.0249996185,11.1260004044,11.5830001831,11.6689996719,12.2840003967,12.4949998856,12.4729995728
10.4420003891,10.4359998703,10.5030002594,10.6940002441,10.7639999390,11.0889997482,11.1649999619,11.9580001831,12.2130002975,12.1510000229
8.5699996948,8.9630002975,9.2480001450,9.5719995499,9.6479997635,10.0369997025,10.1499996185,11.1339998245,11.3940000534,11.5539999008
8.0000000000,8.3839998245,8.6230001450,8.8800001144,8.9879999161,9.4540004730,9.5310001373,10.6949996948,11.2259998322,11.4280004501
7.2290000916,7.8400001526,8.1260004044,8.2489995956,8.3669996262,9.0399999619,9.1319999695,10.4379997253,11.1110000610,11.4589996338
7.7249999046,8.0279998779,8.1949996948,8.3470001221,8.4370002747,8.9029998779,8.9820003510,10.2180004120,10.7790002823,11.1190004349
7.6710000038,8.3179998398,8.7060003281,9.0439996719,9.1339998245,9.5469999313,9.6499996185,10.9340000153,11.5019998550,11.8590002060
8.0369997025,8.3170003891,8.5129995346,8.7720003128,8.8680000305,9.3219995499,9.4169998169,10.6840000153,11.2829999924,11.5880002975
7.5159997940,7.7620000839,7.9800000191,8.2950000763,8.3870000839,8.8310003281,8.9449996948,10.2810001373,10.9010000229,11.4040002823
6.9959998131,7.2049999237,7.3220000267,7.4330000877,7.4780001640,7.8860001564,8.0109996796,9.3140001297,9.8640003204,10.3310003281
6.7189998627,6.8959999084,7.0300002098,7.1999998093,7.2519998550,7.6440000534,7.7470002174,9.1639995575,9.8489999771,10.2860002518
7.0560002327,7.2470002174,7.3969998360,7.5999999046,7.6620001793,8.0030002594,8.0920000076,9.5100002289,10.1730003357,10.6529998779
7.2430000305,7.2160000801,7.2690000534,7.4609999657,7.5479998589,7.8709998131,7.9340000153,9.3269996643,9.7980003357,10.3330001831
7.1090002060,7.1890001297,7.2550001144,7.3750000000,7.4429998398,7.9070000648,8.0150003433,9.2559995651,9.8470001221,10.4589996338
7.1649999619,7.2969999313,7.3540000916,7.4390001297,7.5089998245,7.7569999695,7.8150000572,8.9980001450,9.5340003967,10.0780000687
6.5920000076,7.1640000343,7.3810000420,7.4109997749,7.4600000381,7.7129998207,7.7459998131,8.6529998779,9.2399997711,9.5909996033
6.2369999886,6.8949999809,7.1690001488,7.2560000420,7.2969999313,7.4699997902,7.4959998131,8.2150001526,8.5570001602,9.0150003433
6.8049998283,7.0640001297,7.1630001068,7.2160000801,7.2680001259,7.4539999962,7.4829998016,8.1909999847,8.6579999924,9.2799997330
6.8870000839,7.1160001755,7.1999998093,7.2020001411,7.2189998627,7.3150000572,7.3270001411,7.7600002289,8.0170001984,8.1239995956
6.5789999962,6.4899997711,6.4640002251,6.4710001945,6.4739999771,6.6710000038,6.7230000496,7.0619997978,7.3189997673,7.4340000153
5.9809999466,6.0999999046,6.1779999733,6.2729997635,6.3039999008,6.4590001106,6.4930000305,7.0729999542,7.3150000572,7.4749999046
6.2340002060,6.3390002251,6.4260001183,6.5529999733,6.5949997902,6.8159999847,6.8699998856,7.7639999390,8.0220003128,8.2119998932
6.0060000420,6.0570001602,6.1079998016,6.1690001488,6.1729998589,6.3460001945,6.4070000648,7.1449999809,7.3720002174,7.4920001030
5.4990000725,5.7649998665,5.8839998245,5.9299998283,5.9429998398,6.1279997826,6.1779999733,6.8880000114,7.2150001526,7.6389999390
4.8590002060,5.1490001678,5.2420001030,5.2309999466,5.2620000839,5.4549999237,5.4850001335,6.2470002174,6.6479997635,7.3470001221
5.2020001411,5.2630000114,5.3210000992,5.4549999237,5.5300002098,5.7779998779,5.8210000992,6.7890000343,7.2490000725,7.8610000610
5.0329999924,5.2420001030,5.3010001183,5.3579998016,5.4130001068,5.6529998779,5.6950001717,6.5079998970,6.9270000458,7.6420001984
5.2410001755,5.3709998131,5.4559998512,5.5399999619,5.5609998703,5.6659998894,5.7010002136,6.4010000229,6.7410001755,7.2829999924
4.9980001450,5.5739998817,5.8029999733,5.7779998779,5.7659997940,5.9039998055,5.9460000992,6.6970000267,6.8119997978,7.3289999962
5.5100002289,5.6659998894,5.7049999237,5.7069997787,5.7369999886,5.8660001755,5.8790001869,6.4600000381,6.7849998474,7.3470001221
5.4889998436,5.5269999504,5.5539999008,5.6069998741,5.6459999084,5.8509998322,5.8889999390,6.4790000916,6.7569999695,7.2740001678
5.2010002136,5.4559998512,5.6300001144,5.8159999847,5.8629999161,6.0549998283,6.1050000191,6.7220001221,7.0130000114,7.6040000916
4.9840002060,5.2829999924,5.5489997864,5.9609999657,6.1020002365,6.5679998398,6.6440000534,7.5000000000,7.8600001335,8.3549995422
5.5970001221,5.6329998970,5.7880001068,6.1680002213,6.2800002098,6.7779998779,6.9109997749,7.8819999695,8.0889997482,8.4840002060
5.3969998360,5.5960001945,5.7820000648,6.0669999123,6.1510000229,6.6030001640,6.7170000076,7.6869997978,7.9600000381,8.4029998779
5.5460000038,5.8689999580,6.0729999542,6.3280000687,6.4510002136,6.8790001869,6.9299998283,7.8420000076,8.1579999924,8.7519998550
5.8049998283,6.1370000839,6.3210000992,6.5359997749,6.6550002098,7.1620001793,7.2319998741,8.1520004272,8.4270000458,9.0570001602
6.4840002060,6.5659999847,6.7379999161,7.1009998322,7.2300000191,7.7509999275,7.8429999352,8.8459997177,9.0830001831,9.6479997635
4.3639998436,4.9679999352,5.3850002289,5.9510002136,6.1799998283,6.8249998093,6.9060001373,8.0810003281,8.4139995575,8.9820003510
3.7999999523,4.7630000114,5.4260001183,6.1659998894,6.3619999886,6.9359998703,7.0320000648,8.0469999313,8.4420003891,9.0690002441
3.8800001144,5.1329998970,5.8080000877,6.2649998665,6.4279999733,7.0710000992,7.1609997749,7.9920001030,8.3649997711,8.9420003891
4.9299998283,5.5329999924,5.8249998093,6.0419998169,6.1640000343,6.6389999390,6.6890001297,7.3800001144,7.7439999580,8.3190002441
5.2670001984,5.5549998283,5.7170000076,5.9140000343,6.0349998474,6.5209999084,6.5799999237,7.2560000420,7.5999999046,8.2569999695
5.7300000191,5.7919998169,5.8670001030,6.0879998207,6.2350001335,6.7569999695,6.8140001297,7.6119999886,8.0279998779,8.6630001068
5.7680001259,5.9390001297,6.0920000076,6.3850002289,6.5339999199,7.0149998665,7.0710000992,7.9050002098,8.2969999313,8.9519996643
6.0830001831,6.4060001373,6.6300001144,6.9349999428,7.0659999847,7.5149998665,7.5749998093,8.2989997864,8.6269998550,9.1999998093
6.1279997826,6.5170001984,6.7100000381,6.8540000916,6.9530000687,7.3839998245,7.4369997978,8.0559997559,8.3210000992,8.8190002441
6.5240001678,6.8530001640,7.0409998894,7.2389998436,7.3359999657,7.7389998436,7.8000001907,8.3920001984,8.6250000000,9.1250000000
7.5440001488,7.3260002136,7.3680000305,7.6929998398,7.8049998283,8.1359996796,8.1920003891,8.6450004578,8.8339996338,9.1730003357
7.0729999542,7.2930002213,7.4470000267,7.6560001373,7.7389998436,7.9980001450,8.0340003967,8.3430004120,8.4960002899,8.8219995499
6.9569997787,7.3189997673,7.4990000725,7.6570000648,7.7199997902,7.8990001678,7.9190001488,8.1029996872,8.2559995651,8.5900001526
7.0840001106,7.7160000801,8.0129995346,8.1730003357,8.2349996567,8.4670000076,8.4919996262,8.6660003662,8.7620000839,8.9409999847
7.1960000992,7.9239997864,8.2810001373,8.4569997787,8.5469999313,8.8570003510,8.8730001450,8.9519996643,8.9890003204,8.9600000381
8.0659999847,8.3459997177,8.5059995651,8.6470003128,8.6879997253,8.8489999771,8.8789997101,8.8999996185,8.8990001678,8.7930002213
8.0749998093,8.6639995575,8.8940000534,8.9169998169,8.9560003281,9.2460002899,9.2829999924,9.2659997940,9.2250003815,9.0559997559
9.0430002213,8.9910001755,9.0530004501,9.2379999161,9.2790002823,9.4469995499,9.4899997711,9.4169998169,9.2819995880,9.0000000000
8.6300001144,8.6129999161,8.6499996185,8.7709999084,8.8140001297,9.0010004044,9.0380001068,9.0190000534,8.9540004730,8.8540000916
8.5190000534,8.7159996033,8.7690000534,8.7019996643,8.6700000763,8.7180004120,8.7460002899,8.6079998016,8.5550003052,8.4700002670
8.2539997101,8.2030000687,8.1569995880,8.0760002136,8.0380001068,8.0270004272,8.0500001907,7.9279999733,7.9549999237,8.0190000534
7.9340000153,7.9660000801,7.9019999504,7.7039999962,7.6350002289,7.6100001335,7.6329998970,7.4629998207,7.4790000916,7.7849998474
7.5009999275,8.0000000000,8.1330003738,8.0380001068,8.0489997864,8.2290000916,8.2370004654,8.2349996567,8.1730003357,8.1560001373
7.5879998207,8.0139999390,8.1389999390,8.1149997711,8.1780004501,8.3699998856,8.3520002365,8.3229999542,8.2419996262,8.1929998398
7.8420000076,7.9539999962,7.9359998703,7.8119997978,7.7870001793,7.7960000038,7.7969999313,7.7849998474,7.7699999809,7.8670001030
7.9380002022,7.8000001907,7.7449998856,7.7049999237,7.6560001373,7.5789999962,7.6129999161,7.6779999733,7.6939997673,7.8200001717
6.6510000229,7.5069999695,7.7890000343,7.7309999466,7.6999998093,7.7280001640,7.7420001030,7.8189997673,7.7870001793,7.9149999619
7.6269998550,7.8429999352,7.9010000229,7.8930001259,7.9299998283,8.0039997101,7.9980001450,8.1990003586,8.2460002899,8.3590002060
7.7399997711,7.9219999313,7.9770002365,7.9460000992,7.9510002136,8.0000000000,8.0089998245,8.3070001602,8.3920001984,8.4589996338
8.0830001831,7.9869999886,7.9829998016,8.0550003052,8.0710000992,8.1840000153,8.2239999771,8.5240001678,8.5500001907,8.5489997864
7.6659998894,7.8400001526,7.9879999161,8.1759996414,8.2139997482,8.4160003662,8.4709997177,8.8570003510,8.9060001373,8.9239997864
7.6519999504,7.8420000076,7.9380002022,7.9780001640,7.9689998627,8.0539999008,8.0939998627,8.3940000534,8.4829998016,8.5059995651
7.6129999161,7.8449997902,7.9250001907,7.8940000534,7.8759999275,7.9320001602,7.9629998207,8.1770000458,8.2840003967,8.3590002060
7.5960001945,7.6329998970,7.6360001564,7.5970001221,7.5729999542,7.6100001335,7.6409997940,7.8860001564,8.0539999008,8.3059997559
7.5370001793,7.5110001564,7.5260000229,7.5809998512,7.5840001106,7.6869997978,7.7399997711,8.1590003967,8.4670000076,8.8269996643
6.9590001106,7.2500000000,7.3680000305,7.3889999390,7.4149999619,7.6259999275,7.6630001068,8.0659999847,8.4049997330,8.7869997025
6.7090001106,7.1789999008,7.2979998589,7.2439999580,7.2630000114,7.3369998932,7.3520002365,7.8470001221,8.1780004501,8.6450004578
6.6589999199,7.0050001144,7.1779999733,7.2540001869,7.2509999275,7.2509999275,7.2690000534,7.6189999580,7.8730001450,8.3159999847
5.8670001030,6.4130001068,6.6209998131,6.6350002289,6.6409997940,6.8010001183,6.8420000076,7.3340001106,7.6510000229,8.1029996872
5.9530000687,6.2080001831,6.3080000877,6.3309998512,6.3449997902,6.4840002060,6.5310001373,7.1989998817,7.5970001221,8.0690002441
5.6770000458,5.9970002174,6.1779999733,6.2059998512,6.1859998703,6.3579998016,6.4310002327,7.1890001297,7.6230001450,8.0690002441
