enrl_tot,teachers,calw_pct,meal_pct,computer,comp_stu,expn_stu,avginc,el_pct,read_scr,math_scr,str,avg_score
195,10.899999618530273,0.51020002365112305,2.0408000946044922,67,0.34358975291252136,6384.9111328125,22.690000534057617,0,691.5999755859375,690,17.889909744262695,690.79998779296875
240,11.149999618530273,15.41670036315918,47.916698455810547,101,0.42083331942558289,5099.380859375,9.824000358581543,4.5833334922790527,660.5,661.9000244140625,21.524663925170898,661.20001220703125
1550,82.900001525878906,55.032299041748047,76.322601318359375,169,0.10903225839138031,5501.95458984375,8.9779996871948242,30.000001907348633,636.29998779296875,650.9000244140625,18.697225570678711,643.5999755859375
243,14,36.475399017333984,77.049201965332031,85,0.34979423880577087,7101.8310546875,8.9779996871948242,0,651.9000244140625,643.5,17.357143402099609,647.70001220703125
1335,71.5,33.108600616455078,78.427001953125,171,0.12808988988399506,5235.98779296875,9.0803327560424805,13.857677459716797,641.79998779296875,639.9000244140625,18.671329498291016,640.8499755859375
137,6.4000000953674316,12.31879997253418,86.956497192382812,25,0.18248175084590912,5580.14697265625,10.414999961853027,12.408759117126465,605.70001220703125,605.4000244140625,21.40625,605.550048828125
195,10,12.903200149536133,94.623703002929688,28,0.14358974993228912,5253.3310546875,6.5770001411437988,68.717948913574219,604.5,609,19.5,606.75
888,42.5,18.806299209594727,100,66,0.074324324727058411,4565.74609375,8.1739997863769531,46.959461212158203,605.5,612.5,20.89411735534668,609
379,19,32.189998626708984,93.139801025390625,35,0.092348285019397736,5355.54833984375,7.3850002288818359,30.079156875610352,608.9000244140625,616.0999755859375,19.947368621826172,612.5
2247,108,78.99420166015625,87.316398620605469,0,0,5036.21142578125,11.613332748413086,40.275920867919922,611.9000244140625,613.4000244140625,20.80555534362793,612.6500244140625
446,21,18.609899520874023,85.874397277832031,86,0.19282510876655579,4547.6923828125,8.930999755859375,52.914798736572266,612.79998779296875,618.70001220703125,21.238094329833984,615.75
987,47,71.713096618652344,98.605598449707031,56,0.056737586855888367,5447.34521484375,7.3850002288818359,54.609931945800781,616.5999755859375,616,21,616.29998779296875
103,5,22.429899215698242,98.13079833984375,25,0.24271844327449799,6567.1494140625,5.3350000381469727,42.71844482421875,612.79998779296875,619.79998779296875,20.600000381469727,616.29998779296875
487,24.340000152587891,24.609399795532227,77.148399353027344,0,0,4818.61279296875,8.2790002822875977,20.533880233764648,610,622.5999755859375,20.008216857910156,616.29998779296875
649,36,14.637900352478027,76.271202087402344,31,0.047765795141458511,5621.4560546875,9.630000114440918,80.123260498046875,611.9000244140625,621,18.027778625488281,616.45001220703125
852,42.069999694824219,24.214199066162109,94.295700073242188,80,0.093896716833114624,6026.35986328125,7.4539999961853027,49.413143157958984,614.79998779296875,619.9000244140625,20.251960754394531,617.3499755859375
491,28.920000076293945,11.201600074768066,97.759696960449219,100,0.20366598665714264,6723.23779296875,6.2160000801086426,85.539718627929688,611.70001220703125,624.4000244140625,16.977869033813477,618.050048828125
421,25.5,8.5510997772216797,77.909698486328125,50,0.11876484751701355,5589.88525390625,7.7639999389648438,58.907363891601562,614.9000244140625,621.70001220703125,16.509803771972656,618.300048828125
6880,303.02999877929688,21.282400131225586,94.971199035644531,960,0.13953489065170288,5064.61572265625,7.0219998359680176,77.005813598632812,619.0999755859375,620.5,22.704023361206055,619.79998779296875
2688,135,23.4375,93.229202270507812,139,0.0517113097012043,5433.59326171875,5.6989998817443848,49.813987731933594,621.29998779296875,619.29998779296875,19.911111831665039,620.29998779296875
440,24,34.772701263427734,100,69,0.15681818127632141,5725.5634765625,7.9409999847412109,40.681819915771484,615.5999755859375,625.4000244140625,18.333333969116211,620.5
475,21,21.649499893188477,91.546401977539062,53,0.11157894879579544,4542.10498046875,9.630000114440918,16.210525512695312,619.9000244140625,622.9000244140625,22.619047164916992,621.4000244140625
2538,130.5,18.911100387573242,70.816703796386719,169,0.066587865352630615,5107.08642578125,7.4050002098083496,45.074863433837891,622.9000244140625,620.5999755859375,19.448276519775391,621.75
476,19,43.855899810791016,100,0,0,4659.66162109375,9.630000114440918,39.075630187988281,620.70001220703125,623.4000244140625,25.052631378173828,622.050048828125
2357,114,16.801000595092773,90.623703002929688,216,0.091641917824745178,4555.46435546875,8.0190000534057617,76.665252685546875,619.5,625.70001220703125,20.675437927246094,622.5999755859375
1588,85,22.407199859619141,85.147201538085938,198,0.124685138463974,5415.15283203125,8.5229997634887695,40.491184234619141,625,621.20001220703125,18.682352066040039,623.0999755859375
7306,319.79998779296875,17.001499176025391,88.034896850585938,742,0.10156036168336868,4997.87158203125,7.9831814765930176,73.720230102539062,620.4000244140625,626,22.845529556274414,623.20001220703125
2601,135,15.071100234985352,92.195297241210938,269,0.10342176258563995,5223.912109375,7.304999828338623,70.01153564453125,616.5,630.4000244140625,19.266666412353516,623.45001220703125
847,44,16.292800903320312,90.200698852539062,67,0.079102717339992523,5139.16455078125,8.9340000152587891,55.962215423583984,620.0999755859375,627.0999755859375,19.25,623.5999755859375
452,22,14.498900413513184,81.02349853515625,55,0.12168141454458237,4614.251953125,8.5539999008178711,11.061946868896484,627.9000244140625,620.4000244140625,20.545454025268555,624.1500244140625
4142,201,35.5625,81.506500244140625,569,0.13737325370311737,5342.2333984375,6.6129999160766602,80.420089721679688,620.4000244140625,628.70001220703125,20.606966018676758,624.550048828125
2102,99.75,15.319899559020996,90.284896850585938,224,0.10656517744064331,5347.45849609375,12.409000396728516,63.130355834960938,623,626.9000244140625,21.072681427001953,624.95001220703125
10012,464.89999389648438,29.763900756835938,91.593399047851562,721,0.072013586759567261,5036.458984375,8.1266155242919922,65.121856689453125,620.79998779296875,629.79998779296875,21.53581428527832,625.29998779296875
2488,125,12.692000389099121,55.092998504638672,202,0.081189706921577454,5117.1416015625,11.430999755859375,53.416400909423828,626.0999755859375,625.5999755859375,19.903999328613281,625.8499755859375
25151,1186.699951171875,17.442600250244141,80.195602416992188,1713,0.068108625710010529,5117.03955078125,11.722225189208984,49.823070526123047,625.4000244140625,626.79998779296875,21.194068908691406,626.0999755859375
2267,103.68000030517578,19.151699066162109,84.433799743652344,177,0.078076750040054321,5272.19189453125,11.332500457763672,35.465370178222656,625.4000244140625,628.20001220703125,21.865354537963867,626.800048828125
1657,90.400001525878906,28.847299575805664,84.731399536132812,204,0.12311406433582306,5225.71923828125,9.5979995727539062,56.125526428222656,623.5999755859375,630.20001220703125,18.329645156860352,626.9000244140625
284,17.5,14.527000427246094,94.932403564453125,18,0.063380278646945953,6516.533203125,14.557999610900879,32.394367218017578,628.9000244140625,625.29998779296875,16.228570938110352,627.0999755859375
5370,280,19.571699142456055,81.117301940917969,562,0.10465549677610397,4559.1767578125,22.059999465942383,65.512100219726562,624.4000244140625,630.0999755859375,19.178571701049805,627.25
2471,121.86000061035156,23.795999526977539,87.7781982421875,275,0.11129097640514374,5119.158203125,9.7089996337890625,53.055442810058594,627.5,627.0999755859375,20.277366638183594,627.29998779296875
15386,669.3599853515625,12.506400108337402,71.433097839355469,1762,0.11451969295740128,5338.185546875,11.482944488525391,49.642532348632812,627.79998779296875,628.70001220703125,22.986137390136719,628.25
184,9,22.282600402832031,85.869598388671875,40,0.21739129722118378,5090.044921875,8.1780004501342773,45.108695983886719,621.5999755859375,635.20001220703125,20.44444465637207,628.4000244140625
1217,61.400001525878906,33.908000946044922,88.095199584960938,78,0.064092032611370087,5485.49609375,8.1739997863769531,30.320459365844727,629.4000244140625,627.70001220703125,19.820846557617188,628.550048828125
6219,268,21.498600006103516,100,571,0.09181540459394455,4793.3701171875,7.5,52.243125915527344,621.0999755859375,636.20001220703125,23.205223083496094,628.6500244140625
4258,221,24.659500122070312,92.74310302734375,324,0.076092064380645752,5092.91748046875,10.05049991607666,36.801315307617188,626.5,631,19.2669677734375,628.75
1235,53,8.2182998657226562,62.130199432373047,175,0.14170040190219879,4359.52099609375,7.3319997787475586,30.28339958190918,630.20001220703125,629.4000244140625,23.301887512207031,629.800048828125
16244,766.6500244140625,17.453100204467773,69.739898681640625,1423,0.087601572275161743,5645.49560546875,12.581577301025391,49.864566802978516,629.5,631.20001220703125,21.188285827636719,630.3499755859375
814,39,19.778900146484375,67.4447021484375,85,0.10442260652780533,4518.01611328125,15.177000045776367,13.759213447570801,631.9000244140625,628.9000244140625,20.871795654296875,630.4000244140625
27176,1429,39.218399047851562,84.294998168945312,3324,0.12231380492448807,5864.3662109375,12.109127998352051,28.863704681396484,631.5999755859375,629.5,19.017494201660156,630.54998779296875
10696,487.97000122070312,22.157800674438477,70.895698547363281,1306,0.12210171669721603,5257.99658203125,11.784999847412109,52.804786682128906,628.5,632.5999755859375,21.919380187988281,630.54998779296875
8935,444.5,36.945098876953125,79.512001037597656,786,0.08796866238117218,5016.6923828125,14.062000274658203,44.085060119628906,628.4000244140625,633.70001220703125,20.101238250732422,631.050048828125
1600,74.5,27.26140022277832,79.725502014160156,242,0.15125000476837158,4720.08642578125,10.472000122070312,35.25,635.70001220703125,627.0999755859375,21.476511001586914,631.4000244140625
9028,449.92001342773438,13.988499641418457,69.942497253417969,669,0.074102789163589478,5470.5625,13.405117034912109,37.494461059570312,633,630.70001220703125,20.065788269042969,631.8499755859375
10625,521.469970703125,7.497499942779541,77.525596618652344,896,0.084329411387443542,5615.44189453125,12.301799774169922,50.390590667724609,629.5999755859375,634.20001220703125,20.375095367431641,631.9000244140625
7151,318.57998657226562,18.548099517822266,61.738201141357422,560,0.078310728073120117,5245.43994140625,15.404070854187012,31.072578430175781,634.20001220703125,629.70001220703125,22.446481704711914,631.95001220703125
2404,105,20.927400588989258,52.943500518798828,202,0.084026619791984558,4838.17529296875,13.76200008392334,18.261232376098633,633.5,630.5,22.895238876342773,632
5804,283.14999389648438,28.342500686645508,81.116500854492188,480,0.082701586186885834,5367.98828125,14.184000015258789,34.700206756591797,631.4000244140625,633,20.497970581054688,632.20001220703125
2253,112.65000152587891,43.497600555419922,84.553901672363281,196,0.086995117366313934,5526.23681640625,8.8649997711181641,33.288948059082031,637.5,627,20,632.25
2807,126.12000274658203,15.459500312805176,52.396400451660156,152,0.054150339215993881,4353.01953125,12.996999740600586,33.487709045410156,637.29998779296875,627.5999755859375,22.256580352783203,632.449951171875
3074,142.55000305175781,11.289799690246582,66.194900512695312,249,0.081001952290534973,5034.2900390625,11.592000007629395,38.15875244140625,633.20001220703125,632.5,21.564363479614258,632.8499755859375
723,37.119998931884766,25.921100616455078,83.15789794921875,45,0.062240663915872574,4692.49365234375,8.2790002822875977,36.929462432861328,629.20001220703125,636.70001220703125,19.477371215820312,632.95001220703125
5138,290.77499389648438,58.752201080322266,84.999000549316406,560,0.1089918240904808,5606.78173828125,10.905642509460449,32.989490509033203,630.29998779296875,635.79998779296875,17.670021057128906,633.04998779296875
20927,953.5,10.911399841308594,82.392601013183594,1048,0.050078846514225006,4969.1806640625,13.400625228881836,58.216655731201172,629.5999755859375,636.70001220703125,21.947561264038086,633.1500244140625
3017,138.5,14.976799964904785,56.0635986328125,496,0.16440172493457794,4675.6748046875,11.081000328063965,17.003646850585938,634.4000244140625,632.9000244140625,21.783393859863281,633.6500244140625
957,50,27.16819953918457,82.131698608398438,149,0.15569488704204559,5306.1328125,9.0819997787475586,17.659353256225586,634.70001220703125,633.0999755859375,19.139999389648438,633.9000244140625
1639,90.5,46.888198852539062,80.604202270507812,287,0.17510677874088287,5693.88330078125,13.390000343322754,7.3215374946594238,638.4000244140625,629.5999755859375,18.110496520996094,634
4340,209.83999633789062,17.702600479125977,93.922698974609375,284,0.065437786281108856,5181.57958984375,14.601625442504883,31.198156356811523,631.9000244140625,636.20001220703125,20.682424545288086,634.050048828125
5079,224.5,25.559299468994141,63.803600311279297,585,0.11518015712499619,5228.65087890625,11.116000175476074,16.61744499206543,637.70001220703125,630.5,22.623607635498047,634.0999755859375
6639,304.73001098632812,26.841400146484375,100,505,0.076065674424171448,5339.39111328125,8.4230003356933594,58.081035614013672,631.5,636.70001220703125,21.7864990234375,634.0999755859375
1154,62.099998474121094,22.927700042724609,84.920600891113281,129,0.11178509891033173,6056.4970703125,11.664999961853027,55.892543792724609,636.79998779296875,631.5,18.582931518554688,634.1500244140625
237,11,19.831199645996094,76.793197631835938,13,0.054852321743965149,4845.68017578125,7.304999828338623,5.4852323532104492,631.79998779296875,636.5999755859375,21.545454025268555,634.199951171875
2987,141.21000671386719,21.258800506591797,68.396400451660156,273,0.091396048665046692,4826.666015625,13.730599403381348,14.429193496704102,637.70001220703125,631.0999755859375,21.152891159057617,634.4000244140625
499,30,40.367000579833984,83.119300842285156,94,0.18837675452232361,5367.09033203125,11.116000175476074,22.845691680908203,635.5,633.5999755859375,16.633333206176758,634.54998779296875
11474,542.6500244140625,40.552600860595703,77.008903503417969,1248,0.10876765102148056,5742.73291015625,10.364428520202637,38.783336639404297,633.20001220703125,636.20001220703125,21.144382476806641,634.70001220703125
1088,55,14.154399871826172,86.029403686523438,107,0.09834558516740799,4136.2509765625,6.9829998016357422,64.246322631835938,631.0999755859375,638.70001220703125,19.781818389892578,634.9000244140625
2660,140.1199951171875,15.760100364685059,74.850997924804688,259,0.097368419170379639,5267.8310546875,14.467800140380859,25.225564956665039,637.79998779296875,632.0999755859375,18.983728408813477,634.949951171875
353,19.979999542236328,8.6721000671386719,33.062301635742188,8,0.022662889212369919,5238.39208984375,14.652999877929688,5.3824362754821777,636.5999755859375,633.5,17.667667388916016,635.04998779296875
329,18.530000686645508,28.915700912475586,85.542198181152344,37,0.11246200650930405,5462.8994140625,10.628999710083008,6.0790276527404785,644.29998779296875,626.0999755859375,17.75499153137207,635.199951171875
252,16.5,23.45680046081543,66.255096435546875,32,0.1269841343164444,6313.37353515625,9.7810001373291016,0,640.9000244140625,630,15.272727012634277,635.45001220703125
175,12.5,21.764699935913086,68.823501586914062,31,0.17714285850524902,6653.03076171875,10.656000137329102,0,634.5999755859375,636.5999755859375,14,635.5999755859375
3835,186.19999694824219,13.991100311279297,72.862800598144531,897,0.23389831185340881,5533.1494140625,11.937999725341797,34.889179229736328,633,638.20001220703125,20.596134185791016,635.5999755859375
314,19.25,29.936300277709961,93.630599975585938,8,0.025477707386016846,6118.71044921875,7.3850002288818359,13.057324409484863,636.70001220703125,634.79998779296875,16.311687469482422,635.75
4458,211,22.222200393676758,72.32080078125,445,0.099820546805858612,5098.626953125,10.675999641418457,36.025123596191406,633.20001220703125,638.70001220703125,21.127962112426758,635.95001220703125
1313,75.080001831054688,32.086799621582031,73.597602844238281,112,0.085300840437412262,5652.87890625,9.9720001220703125,34.653465270996094,633.9000244140625,638.29998779296875,17.488012313842773,636.0999755859375
474,26.5,21.518999099731445,75.7384033203125,36,0.07594936341047287,5329.00244140625,8.258000373840332,28.691982269287109,634.70001220703125,638.29998779296875,17.88679313659668,636.5
1114,57.700000762939453,29.446800231933594,62.212799072265625,277,0.24865350127220154,5929.80908203125,8.8959999084472656,1.7953321933746338,645.4000244140625,627.79998779296875,19.306758880615234,636.5999755859375
1358,65,14.790300369262695,80.868301391601562,178,0.13107511401176453,4897.06787109375,12.062000274658203,30.633285522460938,632.29998779296875,641.0999755859375,20.892307281494141,636.699951171875
11629,546.29998779296875,25.379400253295898,83.873703002929688,1015,0.087281793355941772,5100.2021484375,9.4288949966430664,59.033454895019531,632.4000244140625,641.4000244140625,21.286838531494141,636.9000244140625
6195,306.75,21.043300628662109,68.5718994140625,1261,0.20355124771595001,4825.72265625,8.9203329086303711,13.559322357177734,636.20001220703125,637.70001220703125,20.195598602294922,636.95001220703125
499,20,23.699399948120117,80.924896240234375,35,0.070140279829502106,4079.129150390625,10.097999572753906,5.0100197792053223,636.0999755859375,637.9000244140625,24.950000762939453,637
417,23,19.90410041809082,46.043201446533203,27,0.064748197793960571,5349.36767578125,11.829999923706055,0.9592326283454895,638,636.20001220703125,18.130434036254883,637.0999755859375
300,15,48.344398498535156,72.185401916503906,55,0.18333333730697632,5869.38916015625,11.553000450134277,0.66666668653488159,640.9000244140625,633.79998779296875,20,637.3499755859375
457,24.399999618530273,16.816099166870117,67.712997436523438,50,0.10940919071435928,6462.1279296875,19.707000732421875,38.512035369873047,644.9000244140625,630.4000244140625,18.729509353637695,637.6500244140625
146,8,25.342500686645508,54.109600067138672,34,0.23287671804428101,6231.6015625,7.1050000190734863,0,646.0999755859375,629.79998779296875,18.25,637.949951171875
460,24.219999313354492,10.593199729919434,66.949203491210938,71,0.15434782207012177,4993.86767578125,13.725000381469727,17.173913955688477,633.20001220703125,642.70001220703125,18.992568969726562,637.95001220703125
354,17.799999237060547,10.277799606323242,59.722198486328125,28,0.079096041619777679,4663.81103515625,10.097999572753906,9.8870058059692383,636.70001220703125,639.29998779296875,19.887641906738281,638
1841,95,25.257999420166016,64.747398376464844,315,0.17110265791416168,6107.1064453125,13.76200008392334,19.391635894775391,640.4000244140625,636,19.378948211669922,638.20001220703125
3760,183.75,26.901599884033203,65.796096801757812,717,0.19069148600101471,5324.22802734375,9.6649999618530273,36.489360809326172,636.20001220703125,640.4000244140625,20.46258544921875,638.300048828125
500,22.430000305175781,18.799999237060547,83,70,0.14000000059604645,5221.4609375,10.263999938964844,39.399997711181641,630.4000244140625,646.20001220703125,22.291572570800781,638.300048828125
5112,246.89999389648438,10.691200256347656,59.723499298095703,383,0.074921749532222748,5157.78466796875,11.56920051574707,28.677621841430664,638.5999755859375,638.0999755859375,20.704738616943359,638.3499755859375
146,7.6599998474121094,13.698599815368652,66.438400268554688,28,0.19178082048892975,5131.119140625,7.4050002098083496,13.698630332946777,637.5,639.5999755859375,19.060052871704102,638.54998779296875
2141,105.81999969482422,26.496500015258789,65.382797241210938,134,0.062587574124336243,5279.35400390625,12.076999664306641,11.349836349487305,636.9000244140625,640.5,20.23246955871582,638.70001220703125
610,30.979999542236328,8.5246000289916992,56.065601348876953,144,0.2360655665397644,4704.0439453125,11.282999992370605,3.4426231384277344,640.29998779296875,638.20001220703125,19.690122604370117,639.25
337,16.549999237060547,21.262500762939453,60.132900238037109,26,0.077151335775852203,6089.91064453125,10.034999847412109,15.430267333984375,642.70001220703125,635.9000244140625,20.362539291381836,639.300048828125
4501,227.85000610351562,19.12969970703125,63.905498504638672,597,0.13263718783855438,5356.83349609375,8.3839998245239258,17.973783493041992,639.9000244140625,638.79998779296875,19.754222869873047,639.3499755859375
5718,295.04998779296875,6.8407001495361328,37.045600891113281,313,0.054739419370889664,5144.54931640625,13.630000114440918,22.717733383178711,641.4000244140625,637.5999755859375,19.379766464233398,639.5
19402,846.3800048828125,20.523700714111328,51.242099761962891,1182,0.060921553522348404,4906.22998046875,14.127667427062988,18.436244964599609,641.70001220703125,637.79998779296875,22.92350959777832,639.75
3401,175.55000305175781,52.219898223876953,74.272300720214844,560,0.16465745866298676,5489.5888671875,11.266124725341797,16.171714782714844,641.5,638.0999755859375,19.373397827148438,639.79998779296875
2621,136.83000183105469,25.829799652099609,64.097702026367188,397,0.1514689028263092,5718.55126953125,13.390000343322754,2.0221288204193115,641.4000244140625,638.29998779296875,19.155155181884766,639.8499755859375
426,20,3.9906001091003418,64.7886962890625,87,0.20422534644603729,4436.15283203125,11.937999725341797,9.6244134902954102,634.29998779296875,645.5,21.299999237060547,639.9000244140625
205,11.199999809265137,18.536600112915039,80.975601196289062,24,0.1170731708407402,4895.439453125,8.258000373840332,41.463413238525391,643.5,636.70001220703125,18.303571701049805,640.0999755859375
13668,648.40997314453125,28.175300598144531,56.299400329589844,1321,0.096649110317230225,5159.21875,14.226727485656738,9.8990345001220703,640.4000244140625,639.9000244140625,21.079256057739258,640.1500244140625
342,18.200000762939453,11.395999908447266,68.091201782226562,98,0.28654971718788147,5490.65478515625,10.472000122070312,16.081871032714844,637.70001220703125,643.29998779296875,18.791208267211914,640.5
6518,332.10000610351562,12.27910041809082,71.0238037109375,499,0.076557226479053497,5172.01953125,14.242900848388672,43.494937896728516,638.5,643,19.626617431640625,640.75
239,12.199999809265137,15.611800193786621,69.62030029296875,30,0.12552301585674286,4441.6728515625,14.065999984741211,8.7866106033325195,644.9000244140625,636.9000244140625,19.590164184570312,640.9000244140625
2911,139.47000122070312,11.928500175476074,52.973499298095703,281,0.096530400216579437,5220.3701171875,15.968000411987305,39.024387359619141,640.4000244140625,641.79998779296875,20.871871948242188,641.0999755859375
6272,297.04000854492188,28.719999313354492,71.762397766113281,1338,0.21332907676696777,5252.810546875,10.263999938964844,53.890304565429688,639.29998779296875,643.5999755859375,21.115001678466797,641.449951171875
10218,508.75,17.420200347900391,70.806396484375,1435,0.14043843746185303,5518.7021484375,10.602470397949219,41.133293151855469,638.5999755859375,644.29998779296875,20.08452033996582,641.449951171875
1735,87.139999389648438,47.262199401855469,75.504302978515625,222,0.12795388698577881,5609.48779296875,10.52299976348877,1.3832852840423584,640.79998779296875,642.29998779296875,19.910488128662109,641.54998779296875
474,26.610000610351562,20.675100326538086,82.067497253417969,96,0.20253165066242218,4945.03173828125,11.23799991607666,35.443038940429688,638.9000244140625,644.70001220703125,17.812850952148438,641.800048828125
544,30,20.550500869750977,74.862396240234375,145,0.26654410362243652,5223.025390625,10.055999755859375,8.6397056579589844,641.79998779296875,642.5999755859375,18.133333206176758,642.199951171875
1987,103.37000274658203,15.281200408935547,54.654098510742188,283,0.14242576062679291,4757.025390625,11.182999610900879,15.349774360656738,637,647.4000244140625,19.222211837768555,642.20001220703125
418,22.399999618530273,10.696499824523926,63.43280029296875,50,0.11961722373962402,5522.16162109375,7.3850002288818359,19.85645866394043,640.20001220703125,644.5999755859375,18.660715103149414,642.4000244140625
196,10,19.68910026550293,47.150299072265625,40,0.20408163964748383,6087.60888671875,13.579000473022461,3.0612244606018066,652.5999755859375,632.9000244140625,19.600000381469727,642.75
2208,114.5,14.413999557495117,53.210601806640625,92,0.041666667908430099,4960.515625,9.630000114440918,9.8731880187988281,642,644.0999755859375,19.283842086791992,643.04998779296875
1255,55,11.322199821472168,44.259700775146484,165,0.13147410750389099,4880.04052734375,15.27400016784668,16.095617294311523,642.5999755859375,643.79998779296875,22.818181991577148,643.199951171875
1469,78.099998474121094,20.96660041809082,80.258697509765625,65,0.044247787445783615,6538.41796875,14.034250259399414,43.498977661132812,639.4000244140625,647.0999755859375,18.809219360351562,643.25
7114,332.83999633789062,34.594200134277344,82.572196960449219,680,0.09558616578578949,4925.65966796875,10.239666938781738,45.037952423095703,638.9000244140625,647.9000244140625,21.373632431030273,643.4000244140625
1962,98,24.41510009765625,67.751800537109375,170,0.086646281182765961,5204.6875,9.4849996566772461,18.195718765258789,641.70001220703125,645.0999755859375,20.020408630371094,643.4000244140625
7761,361,6.4911999702453613,44.476600646972656,658,0.084782890975475311,4907.41064453125,15.029874801635742,15.48769474029541,644.20001220703125,642.79998779296875,21.498615264892578,643.5
216,14,9.4169998168945312,48.878898620605469,47,0.21759259700775146,5923.45166015625,9.7810001373291016,0.92592591047286987,652.70001220703125,634.29998779296875,15.428571701049805,643.5
224,10,7.1428999900817871,58.035701751708984,31,0.1383928507566452,4741.95703125,13.192000389099121,7.5892858505249023,633.5999755859375,653.79998779296875,22.399999618530273,643.699951171875
7887,391.8599853515625,16.402399063110352,57.072200775146484,1004,0.12729808688163757,4954.01953125,12.215999603271484,29.085838317871094,645.70001220703125,641.70001220703125,20.127086639404297,643.70001220703125
752,39.5,11.71049976348877,34.078899383544922,0,0,5500.10791015625,14.076000213623047,0.13297872245311737,652.29998779296875,636.0999755859375,19.037975311279297,644.199951171875
9328,537.8800048828125,7.4875001907348633,39.036800384521484,1719,0.18428388237953186,5360.51708984375,25.487333297729492,50.857631683349609,644.5,643.9000244140625,17.342157363891602,644.20001220703125
548,32.200000762939453,7.6641998291015625,31.386899948120117,35,0.063868612051010132,5685.63916015625,14.866999626159668,11.496350288391113,652.0999755859375,636.70001220703125,17.018632888793945,644.4000244140625
104,5,32.381000518798828,49.523799896240234,19,0.18269230425357819,5594.1962890625,9.9720001220703125,13.461539268493652,649.5,639.4000244140625,20.799999237060547,644.45001220703125
275,13,12.727299690246582,45.818199157714844,4,0.014545454643666744,4692.56689453125,14.578000068664551,4.7272725105285645,643.20001220703125,645.70001220703125,21.153846740722656,644.45001220703125
443,24,14.221199989318848,69.977401733398438,52,0.11738149076700211,5085.40625,7.3850002288818359,21.444694519042969,644.29998779296875,644.70001220703125,18.458333969116211,644.5
10337,540.04998779296875,37.226898193359375,58.545398712158203,1268,0.12266615033149719,5456.197265625,12.343000411987305,12.353680610656738,646,643.0999755859375,19.14082145690918,644.54998779296875
806,41.529998779296875,7.178800106048584,56.675098419189453,36,0.044665012508630753,5105.1796875,12.431332588195801,30.148883819580078,645.29998779296875,644.0999755859375,19.407657623291016,644.699951171875
227,11.600000381469727,18.061700820922852,59.030799865722656,25,0.11013215780258179,5519.67724609375,14.906000137329102,15.859029769897461,649.70001220703125,640.20001220703125,19.568964004516602,644.95001220703125
8416,391.42001342773438,12.39900016784668,71.912101745605469,1333,0.15838877856731415,5065.9111328125,12.669899940490723,43.75,642.9000244140625,647.29998779296875,21.501199722290039,645.0999755859375
149,8.5,19.463100433349609,59.060398101806641,30,0.20134228467941284,5182.42822265625,10.333000183105469,0,656.79998779296875,633.70001220703125,17.529411315917969,645.25
220,13.390000343322754,19.130399703979492,52.173900604248047,48,0.21818181872367859,5960.46435546875,11.972000122070312,0,658,633.0999755859375,16.430171966552734,645.54998779296875
4612,232.97000122070312,17.476100921630859,65.915000915527344,601,0.1303122341632843,5124.83642578125,12.826999664306641,16.652212142944336,647.70001220703125,643.4000244140625,19.796539306640625,645.550048828125
590,34.330001831054688,37.436798095703125,70.657699584960938,71,0.12033898383378983,5655.13330078125,10.039999961853027,3.2203390598297119,644.79998779296875,646.4000244140625,17.186134338378906,645.5999755859375
133,7.5500001907348633,25,72.142898559570312,25,0.18796992301940918,5811.68994140625,13.335000038146973,0,644.29998779296875,647.20001220703125,17.615894317626953,645.75
2440,121.23999786376953,7.2758998870849609,47.029899597167969,116,0.04754098504781723,5467.673828125,9.8540000915527344,48.524589538574219,645.5,646,20.125371932983398,645.75
133,6,11.194000244140625,35.820899963378906,0,0,5213.08935546875,11.425999641418457,0.75187969207763672,652.5,639.5,22.166666030883789,646
519,26,16.76300048828125,37.957599639892578,65,0.12524084746837616,4613.1875,15.130999565124512,1.9267823696136475,650.9000244140625,641.5,19.961538314819336,646.20001220703125
222,11.659999847412109,7.5893001556396484,40.625,30,0.13513512909412384,4886.98388671875,14.578000068664551,13.51351261138916,643,649.70001220703125,19.039451599121094,646.3499755859375
285,18.719999313354492,26.642299652099609,76.277397155761719,36,0.12631578743457794,6455.13671875,10.267999649047852,0,641.5999755859375,651.20001220703125,15.224359512329102,646.4000244140625
3129,147.97999572753906,26.167600631713867,55.79010009765625,471,0.15052732825279236,5125.43310546875,15.592857360839844,16.714605331420898,647.79998779296875,645.20001220703125,21.144750595092773,646.5
2019,102.77999877929688,10.252599716186523,40.564601898193359,167,0.08271421492099762,5193.6923828125,11.23799991607666,5.9435362815856934,649.0999755859375,644,19.643899917602539,646.54998779296875
5620,267,10.309499740600586,55.093898773193359,316,0.056227758526802063,5002.8388671875,15.051375389099121,36.17437744140625,644,649.4000244140625,21.048688888549805,646.70001220703125
9775,484.5,13.043000221252441,62.503898620605469,1218,0.12460357695817947,5337.62548828125,15.413176536560059,44.971866607666016,645.5999755859375,648.20001220703125,20.175437927246094,646.9000244140625
246,11.5,9.7560997009277344,43.902400970458984,38,0.15447154641151428,5161.2021484375,11.081000328063965,16.666667938232422,647.79998779296875,646.0999755859375,21.391304016113281,646.949951171875
7210,360.35000610351562,26.626800537109375,68.857902526855469,800,0.11095700412988663,5158.7919921875,10.097999572753906,15.187239646911621,642.5,651.5999755859375,20.008325576782227,647.04998779296875
21338,1051.5799560546875,13.227199554443359,45.994998931884766,2889,0.13539226353168488,5123.47412109375,14.298299789428711,34.337799072265625,645,649.5,20.291372299194336,647.25
477,27,25.366899490356445,59.538799285888672,27,0.056603774428367615,5782.5439453125,11.803000450134277,0,650.79998779296875,643.79998779296875,17.666666030883789,647.29998779296875
727,39.900001525878906,10.178799629211426,32.187099456787109,50,0.068775787949562073,4842.60791015625,9.9720001220703125,13.067399978637695,649.4000244140625,645.79998779296875,18.220550537109375,647.5999755859375
374,18.450000762939453,6.6845002174377441,7.4865999221801758,46,0.12299465388059616,4219.40625,15.409000396728516,4.2780747413635254,651.5999755859375,643.5999755859375,20.271001815795898,647.5999755859375
18255,903.760009765625,11.221699714660645,58.533100128173828,2001,0.1096138060092926,5081.169921875,15.29379940032959,39.594631195068359,645,651,20.198945999145508,648
8787,410.91000366210938,10.022700309753418,32.483001708984375,1058,0.12040514498949051,5144.99365234375,15.532928466796875,21.668373107910156,648,648.4000244140625,21.384244918823242,648.20001220703125
797,38,7.0262999534606934,35.759101867675781,60,0.075282305479049683,4674.298828125,16.292999267578125,3.2622332572937012,648.79998779296875,647.70001220703125,20.973684310913086,648.25
140,7,3.5713999271392822,39.285701751708984,40,0.28571429848670959,4830.326171875,12.875,7.8571429252624512,651.5999755859375,645.0999755859375,20,648.3499755859375
235,13.699999809265137,6.808499813079834,67.234001159667969,51,0.21702127158641815,5621.68798828125,16.62299919128418,39.574466705322266,643.4000244140625,654,17.153284072875977,648.70001220703125
8294,371.10000610351562,23.197500228881836,51.567401885986328,1295,0.15613695979118347,4948.8681640625,12.549882888793945,10.127802848815918,645.0999755859375,652.79998779296875,22.349771499633789,648.949951171875
2409,108.66000366210938,8.1514997482299805,52.120201110839844,354,0.14694894850254059,5100.9755859375,14.258571624755859,27.521791458129883,646,652.29998779296875,22.170070648193359,649.1500244140625
150,8.25,3.2258000373840332,23.225799560546875,16,0.10666666924953461,5132.78857421875,18.326000213623047,14,655.20001220703125,643.4000244140625,18.181818008422852,649.300048828125
3981,210,41.773399353027344,51.770900726318359,606,0.15222306549549103,5358.51708984375,12.749142646789551,8.8420000076293945,649.79998779296875,649.20001220703125,18.957143783569336,649.5
2326,117.80000305175781,17.975099563598633,52.252300262451172,345,0.14832329750061035,5149.1865234375,11.425999641418457,6.4058465957641602,651.29998779296875,648.0999755859375,19.745330810546875,649.699951171875
501,30.5,20.634899139404297,54.76190185546875,163,0.32534930109977722,5373.20654296875,8.8299999237060547,2.395209789276123,652.5999755859375,647.0999755859375,16.426229476928711,649.8499755859375
470,28.270000457763672,31.330499649047852,89.699600219726562,48,0.10212765634059906,6485.166015625,11.175999641418457,5.9574470520019531,655.0999755859375,645.79998779296875,16.625396728515625,650.449951171875
575,35.099998474121094,26.434799194335938,59.130401611328125,59,0.10260869562625885,5504.025390625,14.227999687194824,8.1739130020141602,654.5999755859375,646.5,16.381767272949219,650.54998779296875
3519,175.30000305175781,5.5412998199462891,29.781200408935547,789,0.2242114245891571,5105.734375,15.027000427246094,15.45893669128418,655.4000244140625,645.79998779296875,20.07415771484375,650.5999755859375
474,26.340000152587891,21.995899200439453,54.989799499511719,61,0.12869198620319366,5634.73095703125,10.520999908447266,0,653.5999755859375,647.70001220703125,17.995443344116211,650.6500244140625
223,11.5,1.7544000148773193,17.543899536132812,60,0.26905828714370728,4980.29443359375,18.625999450683594,0,651.79998779296875,650,19.391304016113281,650.9000244140625
92,5.5999999046325684,13.54170036315918,0,22,0.23913043737411499,6113.85986328125,22.528999328613281,0,656.0999755859375,645.70001220703125,16.428571701049805,650.9000244140625
4971,297.1400146484375,14.709400177001953,55.100799560546875,500,0.10058338195085526,5850,18.298389434814453,31.824583053588867,653.29998779296875,649,16.729486465454102,651.1500244140625
2617,107.19499969482422,8.3682003021240234,32.369701385498047,226,0.086358428001403809,4547.94482421875,11.885749816894531,12.80091667175293,651.70001220703125,650.70001220703125,24.4134521484375,651.20001220703125
242,13.25,28.099199295043945,51.652900695800781,32,0.13223139941692352,5011.84033203125,9.925999641418457,0,654.4000244140625,648.29998779296875,18.264150619506836,651.3499755859375
780,41.150001525878906,16.539400100708008,50.763401031494141,75,0.096153847873210907,5261.37060546875,14.196999549865723,3.8461539745330811,662,640.79998779296875,18.955041885375977,651.4000244140625
324,15.399999618530273,13.003100395202637,58.204299926757812,50,0.15432098507881165,4276.115234375,9.630000114440918,2.4691357612609863,647,655.9000244140625,21.038961410522461,651.45001220703125
140,6.75,7.8571000099182129,45.714298248291016,25,0.1785714328289032,4566.27001953125,10.638999938964844,10.714285850524902,654.20001220703125,649.4000244140625,20.740739822387695,651.800048828125
181,10,25.414400100708008,66.850799560546875,26,0.14364640414714813,6049.4951171875,14.475000381469727,0,651.9000244140625,651.79998779296875,18.100000381469727,651.8499755859375
516,26,9.2593002319335938,24.814800262451172,65,0.12596899271011353,4974.28125,13.467000007629395,1.9379844665527344,656.29998779296875,647.5,19.846153259277344,651.9000244140625
108,5,3.6696999073028564,32.110099792480469,25,0.23148147761821747,4432.47802734375,9.6649999618530273,4.6296296119689941,648.20001220703125,655.79998779296875,21.600000381469727,652
419,18.670000076293945,13.953499794006348,50,58,0.13842481374740601,4924.619140625,12.708000183105469,5.2505965232849121,656.4000244140625,647.79998779296875,22.442420959472656,652.0999755859375
12567,546.04998779296875,7.6230998039245605,40.399501800537109,1099,0.087451264262199402,4603.65966796875,17.822999954223633,27.540382385253906,651.5999755859375,652.5999755859375,23.014375686645508,652.0999755859375
287,16.170000076293945,3.793100118637085,31.034500122070312,65,0.22648084163665771,5973.92529296875,17.156000137329102,14.982578277587891,655.0999755859375,649.5,17.748918533325195,652.29998779296875
6201,339.10000610351562,7.1795997619628906,47.702499389648438,634,0.10224157571792603,5215.94384765625,19.589635848999023,47.879375457763672,650.9000244140625,653.70001220703125,18.286640167236328,652.300048828125
577,29.950000762939453,20.336099624633789,46.050399780273438,134,0.23223569989204407,4882.23681640625,14.196999549865723,0,657.20001220703125,647.5,19.26544189453125,652.3499755859375
170,7.5,10.588199615478516,32.352901458740234,41,0.24117647111415863,4145.8359375,11.911999702453613,1.764706015586853,660.29998779296875,644.5,22.666666030883789,652.4000244140625
164,8.5,33.536598205566406,65.85369873046875,36,0.21951219439506531,7542.0380859375,13.38599967956543,0,655.20001220703125,649.5999755859375,19.294116973876953,652.4000244140625
382,22,29.238300323486328,59.213798522949219,75,0.1963350772857666,5247.01806640625,11.553999900817871,0,653.0999755859375,651.9000244140625,17.363636016845703,652.5
1221,61.599998474121094,4.3407001495361328,25.307100296020508,250,0.20475021004676819,5169.81494140625,19.025999069213867,7.2891073226928711,656.79998779296875,648.9000244140625,19.821428298950195,652.8499755859375
2214,108.34999847412109,12.872599601745605,36.449901580810547,213,0.096205964684486389,5951.005859375,16.406999588012695,17.028003692626953,656.0999755859375,650.0999755859375,20.433778762817383,653.0999755859375
4523,215,5.7519001960754395,29.198699951171875,409,0.090426705777645111,4746.572265625,14.057999610900879,10.435551643371582,653.70001220703125,653.0999755859375,21.037208557128906,653.4000244140625
793,39.799999237060547,4.413599967956543,30.769199371337891,49,0.061790667474269867,4944.09228515625,19.068000793457031,2.2698612213134766,652.4000244140625,654.5999755859375,19.924623489379883,653.5
1678,88.269996643066406,5.4826998710632324,38.200199127197266,254,0.15137067437171936,6306.4873046875,20.770000457763672,28.247913360595703,655.5999755859375,651.5,19.009857177734375,653.54998779296875
536,22.5,5.5970001220703125,28.171600341796875,35,0.065298505127429962,4260.306640625,10.263999938964844,8.7686567306518555,653.4000244140625,653.70001220703125,23.822221755981445,653.550048828125
307,15.850000381469727,5.5374999046325684,28.664499282836914,36,0.11726384609937668,4718.1630859375,14.578000068664551,7.491856575012207,654.0999755859375,653.29998779296875,19.369085311889648,653.699951171875
347,17.5,18.44379997253418,53.602298736572266,56,0.16138328611850739,4751.2998046875,10.201999664306641,9.7982711791992188,655.5,652.0999755859375,19.828571319580078,653.79998779296875
168,11.010000228881836,29.16670036315918,63.690498352050781,30,0.1785714328289032,5653.45361328125,12.501999855041504,12.5,655.9000244140625,651.79998779296875,15.258854866027832,653.8499755859375
532,31,10.506600379943848,29.643499374389648,81,0.15225563943386078,5920.25341796875,13.906000137329102,0,656.5999755859375,651.29998779296875,17.161291122436523,653.949951171875
3272,150,24.021999359130859,76.772598266601562,374,0.11430317908525467,4825.5908203125,9.9860000610351562,31.204154968261719,651.4000244140625,656.79998779296875,21.813333511352539,654.0999755859375
2045,107.20999908447266,12.127099990844727,40.929100036621094,268,0.13105134665966034,5532.58203125,13.711999893188477,1.3691931962966919,657.79998779296875,650.5999755859375,19.074712753295898,654.199951171875
156,6.0500001907348633,10.429400444030762,47.852798461914062,7,0.044871795922517776,3926.069580078125,10.097999572753906,9.6153850555419922,659.79998779296875,648.5999755859375,25.785123825073242,654.199951171875
1129,61.990001678466797,34.189498901367188,62.267501831054688,164,0.14526128768920898,5805.63671875,11.291000366210938,0,655.0999755859375,653.5,18.212614059448242,654.29998779296875
3669,201.97000122070312,11.35890007019043,41.054599761962891,500,0.13627691566944122,4899.23974609375,13.225000381469727,24.257289886474609,652.70001220703125,656.5,18.16606330871582,654.5999755859375
157,9.25,1.8986999988555908,10.12660026550293,19,0.12101911008358002,4884.8623046875,13.630000114440918,9.5541400909423828,654.20001220703125,655.5,16.972972869873047,654.8499755859375
4928,229.19999694824219,8.5419998168945312,25.888500213623047,618,0.12540584802627563,5139.9375,14.623000144958496,5.9253244400024414,653.5,656.20001220703125,21.500873565673828,654.8499755859375
103,5,5.825200080871582,23.301000595092773,13,0.12621359527111053,5249.36474609375,8.7760000228881836,0.97087377309799194,662.20001220703125,647.5999755859375,20.600000381469727,654.9000244140625
175,10.300000190734863,14.857099533081055,70.285697937011719,17,0.097142860293388367,5399.0703125,10.338000297546387,18.285713195800781,650,660.0999755859375,16.990291595458984,655.04998779296875
4153,199.86000061035156,7.5268998146057129,23.440900802612305,241,0.058030340820550919,4965.2900390625,16.322999954223633,4.9843487739562988,657.4000244140625,652.70001220703125,20.779544830322266,655.050048828125
280,18.049999237060547,8.6956996917724609,56.521701812744141,67,0.23928570747375488,6210.3232421875,10.656332969665527,4.2857146263122559,660.4000244140625,649.70001220703125,15.512466430664062,655.050048828125
865,43.5,3.0841999053955078,12.574099540710449,96,0.11098265647888184,4797.50341796875,14.578000068664551,3.3526010513305664,660.79998779296875,649.5999755859375,19.88505744934082,655.199951171875
8735,408.20001220703125,7.4966001510620117,21.343399047851562,1120,0.12821979820728302,5397.16162109375,18.630599975585938,32.707496643066406,655.4000244140625,655.20001220703125,21.398822784423828,655.300048828125
412,20.100000381469727,8.7378997802734375,60.922298431396484,72,0.17475728690624237,5078.5,11.116000175476074,9.4660196304321289,653,657.70001220703125,20.497512817382812,655.3499755859375
6373,329.1199951171875,12.678500175476074,36.889999389648438,624,0.097913071513175964,4733.74658203125,14.59766674041748,6.2607874870300293,657.5999755859375,653.0999755859375,19.363758087158203,655.3499755859375
332,18.799999237060547,9.0361003875732422,34.036098480224609,73,0.21987952291965485,4963.06005859375,15.493000030517578,13.253012657165527,653.20001220703125,657.5999755859375,17.659574508666992,655.4000244140625
2903,138.1199951171875,11.126399993896484,34.447101593017578,192,0.066138476133346558,5431.17724609375,16.271999359130859,3.1691353321075439,662,649.0999755859375,21.017955780029297,655.54998779296875
565,29.649999618530273,6.7256999015808105,36.637199401855469,60,0.10619468986988068,5382.0888671875,13.630000114440918,16.99114990234375,651.5999755859375,659.79998779296875,19.055648803710938,655.699951171875
586,26,7.5085000991821289,37.883998870849609,78,0.1331057995557785,5724.44189453125,12.394000053405762,0.85324233770370483,662,649.5999755859375,22.538461685180664,655.79998779296875
5068,240.10000610351562,7.0638999938964844,34.234401702880859,626,0.123520128428936,4843.42724609375,15.331000328063965,6.6495656967163086,655.9000244140625,655.79998779296875,21.107872009277344,655.8499755859375
859,42.840000152587891,16.414400100708008,40.162998199462891,118,0.13736903667449951,5730.34912109375,12.666000366210938,0.11641443520784378,654.0999755859375,658.70001220703125,20.051353454589844,656.4000244140625
145,10.210000038146973,8.2758998870849609,20,20,0.13793103396892548,5635.7861328125,13.711999893188477,0,657.79998779296875,655.20001220703125,14.201763153076172,656.5
649,35.125,3.8520998954772949,19.568599700927734,155,0.23882897198200226,5671.6572265625,17.78033447265625,6.9337444305419922,658.70001220703125,654.4000244140625,18.47686767578125,656.550048828125
1789,96,2.9625000953674316,56.008899688720703,435,0.24315260350704193,7070.63330078125,10.556667327880859,9.5584125518798828,655.4000244140625,657.9000244140625,18.635416030883789,656.6500244140625
775,37,24.903200149536133,61.419399261474609,50,0.064516127109527588,5097.34326171875,10.52299976348877,0.90322577953338623,661.5,651.9000244140625,20.945945739746094,656.70001220703125
777,36.849998474121094,12.988699913024902,39.848701477050781,148,0.190476194024086,5482.67724609375,13.243000030517578,1.1583011150360107,663.4000244140625,650.20001220703125,21.085481643676758,656.800048828125
3518,188.19999694824219,9.7707996368408203,49.426898956298828,419,0.11910176277160645,5642.83203125,22.472999572753906,40.108016967773438,656.70001220703125,656.9000244140625,18.692880630493164,656.800048828125
19294,924.57000732421875,18.931900024414062,50.970798492431641,2401,0.12444283068180084,5280.0234375,15.684654235839844,16.663211822509766,657.5999755859375,656.4000244140625,20.868078231811523,657
7661,386.42001342773438,7.8057999610900879,32.136798858642578,1158,0.15115520358085632,5433.33984375,23.483749389648438,21.955358505249023,657.29998779296875,656.70001220703125,19.825576782226562,657
158,8,6.3291001319885254,25.316499710083008,34,0.21518987417221069,4529.28369140625,11.64900016784668,8.8607597351074219,661,653.29998779296875,19.75,657.1500244140625
117,6,8.4034004211425781,36.134498596191406,42,0.35897436738014221,6039.98583984375,16.356000900268555,0.85470092296600342,664.9000244140625,649.9000244140625,19.5,657.4000244140625
160,8.6999998092651367,16.091999053955078,36.781600952148438,37,0.23125000298023224,6168.2294921875,14.074000358581543,0,672.79998779296875,642.20001220703125,18.390804290771484,657.5
511,27.200000762939453,27.48539924621582,51.851898193359375,30,0.058708414435386658,5774.97021484375,13.437000274658203,3.9138941764831543,664.20001220703125,650.9000244140625,18.786764144897461,657.550048828125
2770,140.11000061035156,3.6101000308990479,25.559600830078125,296,0.10685920715332031,4806.76171875,18.33799934387207,11.949459075927734,659.70001220703125,655.5999755859375,19.770179748535156,657.6500244140625
551,28.5,15.234399795532227,51.5625,46,0.083484575152397156,4840.93603515625,11.425999641418457,3.9927403926849365,660.20001220703125,655.29998779296875,19.333333969116211,657.75
5205,242.5,8.3189001083374023,37.291099548339844,474,0.091066285967826843,4954.46630859375,15.749917030334473,22.939481735229492,655.0999755859375,660.5,21.463916778564453,657.79998779296875
6437,278.83999633789062,2.5167000293731689,17.150800704956055,622,0.096628867089748383,4023.53173828125,15.779000282287598,2.4856300354003906,658.5,657.29998779296875,23.084922790527344,657.9000244140625
1712,81.279998779296875,5.3737998008728027,32.651901245117188,122,0.071261681616306305,5179.4111328125,14.062000274658203,9.871495246887207,657,659,21.062992095947266,658
370,19.799999237060547,6.5040998458862305,36.314399719238281,56,0.15135134756565094,4385.2294921875,12.173999786376953,0.54054057598114014,664,652.70001220703125,18.686868667602539,658.3499755859375
3182,153.19999694824219,3.5304999351501465,26.943300247192383,328,0.10307982563972473,4777.5126953125,12.899999618530273,8.9566316604614258,654.70001220703125,662.5,20.770235061645508,658.5999755859375
139,7.1999998092651367,0.71939998865127563,29.496400833129883,32,0.23021583259105682,4862.79052734375,10.970999717712402,6.4748196601867676,661.29998779296875,656.29998779296875,19.30555534362793,658.79998779296875
11855,588.84002685546875,9.0158004760742188,32.765499114990234,1507,0.12711936235427856,5486.02978515625,17.435199737548828,20.725431442260742,654.9000244140625,663.20001220703125,20.132802963256836,659.050048828125
1068,51.669998168945312,12.827699661254883,36.797798156738281,129,0.12078651785850525,5486.38232421875,14.760000228881836,0.18726591765880585,662.0999755859375,656.20001220703125,20.669635772705078,659.1500244140625
2295,103,4.0395002365112305,31.370899200439453,224,0.097603484988212585,4631.24365234375,14.602999687194824,13.986928939819336,658.29998779296875,660.4000244140625,22.281553268432617,659.3499755859375
1510,73.300003051757812,10.259799957275391,37.108600616455078,141,0.093377485871315002,5189.6279296875,13.522333145141602,8.7417211532592773,662.79998779296875,656,20.600271224975586,659.4000244140625
579,27.799999237060547,1.5,31.5,60,0.10362694412469864,4600.6064453125,16.669000625610352,20.034542083740234,660,658.79998779296875,20.827339172363281,659.4000244140625
1012,52.639999389648438,10.484700202941895,33.630100250244141,140,0.13833992183208466,6735.775390625,13.522250175476074,1.3833992481231689,660.79998779296875,658.79998779296875,19.224924087524414,659.79998779296875
1212,68.650001525878906,18.297199249267578,47.124698638916016,107,0.088283829391002655,5475.1728515625,12.517999649047852,2.0627062320709229,660.4000244140625,659.4000244140625,17.654769897460938,659.9000244140625
119,7,4,33.599998474121094,23,0.19327731430530548,5990.79443359375,18.326000213623047,28.571430206298828,661.70001220703125,658.4000244140625,17,660.050048828125
590,35.762500762939453,7.7965998649597168,30.677999496459961,78,0.13220338523387909,7203.24658203125,11.465999603271484,0.16949152946472168,673.0999755859375,647.0999755859375,16.49772834777832,660.0999755859375
546,27.600000381469727,13.919400215148926,54.76190185546875,60,0.10989011079072952,4777.76904296875,10.097999572753906,13.736264228820801,659.79998779296875,660.5999755859375,19.782608032226562,660.199951171875
248,11.119999885559082,7.4626998901367188,21.268699645996094,51,0.20564515888690948,4302.8349609375,15.364999771118164,0,667.79998779296875,652.79998779296875,22.302158355712891,660.29998779296875
461,26,14.470800399780273,48.812099456787109,150,0.32537961006164551,5630.19482421875,10.311332702636719,0.21691974997520447,666.9000244140625,654.5999755859375,17.730770111083984,660.75
6312,308.67999267578125,9.8379001617431641,22.693000793457031,496,0.078580483794212341,4708.625,16.986625671386719,3.1210393905639648,662.0999755859375,659.79998779296875,20.448360443115234,660.949951171875
285,13.989999771118164,7.2413997650146484,66.206901550292969,62,0.21754385530948639,5629.96142578125,9.6120004653930664,47.368423461914062,661.0999755859375,661.5999755859375,20.371694564819336,661.3499755859375
2325,115.30000305175781,2.8817000389099121,15.655900001525879,302,0.12989246845245361,4890.98681640625,21.110500335693359,22.709678649902344,662,660.9000244140625,20.164787292480469,661.45001220703125
11885,549.84002685546875,10.197699546813965,30.441699981689453,1790,0.15061001479625702,4929.39306640625,16.473312377929688,29.12074089050293,659.0999755859375,664.0999755859375,21.615377426147461,661.5999755859375
564,27.430000305175781,6.8965997695922852,21.379299163818359,46,0.081560283899307251,4905.22119140625,18.368999481201172,4.432624340057373,672.4000244140625,650.79998779296875,20.561428070068359,661.5999755859375
12380,620.3800048828125,12.295200347900391,31.018899917602539,1671,0.13497576117515564,5156.85693359375,16.654111862182617,4.8142166137695312,660.0999755859375,663.5999755859375,19.955511093139648,661.8499755859375
3772,178.05999755859375,3.371999979019165,18.387800216674805,529,0.14024390280246735,4941.78759765625,18.544221878051758,5.2492046356201172,665.4000244140625,658.29998779296875,21.183870315551758,661.8499755859375
895,47.580001831054688,17.553199768066406,42.446800231933594,70,0.07821229100227356,5408.78173828125,14.180000305175781,1.8994413614273071,662.70001220703125,661,18.810422897338867,661.8499755859375
5714,277.67001342773438,10.534299850463867,30.069099426269531,489,0.085579276084899902,4981.3876953125,18.02955436706543,8.662933349609375,664.29998779296875,659.5,20.57838249206543,661.9000244140625
105,5.7300000190734863,0,0,16,0.15238095819950104,4877.08642578125,13.586000442504883,10.476190567016602,662.5,661.29998779296875,18.324607849121094,661.9000244140625
1449,76.989997863769531,16.527900695800781,42.600898742675781,125,0.086266390979290009,5111.7392578125,12.640000343322754,1.2422360181808472,660.4000244140625,663.5,18.820627212524414,661.95001220703125
510,24.5,20.392200469970703,45.882400512695312,95,0.18627451360225677,5201.515625,11.102999687194824,0,663.0999755859375,661.70001220703125,20.816326141357422,662.4000244140625
160,8,11.25,56.875,39,0.24375000596046448,4138.3056640625,7.5,9.375,651.4000244140625,673.4000244140625,20,662.4000244140625
433,22,9.3360996246337891,25.103700637817383,50,0.11547344177961349,5743.59716796875,15.505999565124512,1.3856813907623291,665.4000244140625,659.5,19.681818008422852,662.45001220703125
3186,164.30999755859375,5.4538998603820801,44.390701293945312,411,0.12900188565254211,5702.705078125,22.841400146484375,35.342121124267578,663.5,661.5,19.390176773071289,662.5
5010,239.39999389648438,5.2989001274108887,27.354499816894531,576,0.11497005820274353,4802.15283203125,19.823125839233398,9.6407184600830078,661.70001220703125,663.4000244140625,20.927318572998047,662.550048828125
717,35.950000762939453,8.8888998031616211,24.722200393676758,100,0.13947001099586487,5442.14306640625,16.347000122070312,2.2315201759338379,669.4000244140625,655.70001220703125,19.944366455078125,662.550048828125
3548,170.64999389648438,3.2599999904632568,14.850899696350098,335,0.094419389963150024,4522.37548828125,16.292999267578125,0.36640360951423645,658.29998779296875,667,20.791093826293945,662.6500244140625
868,45.200000762939453,16.589899063110352,29.838699340820312,78,0.089861750602722168,4965.80810546875,13.248000144958496,0.57603687047958374,662.4000244140625,663,19.20353889465332,662.70001220703125
507,26.649999618530273,13.203900337219238,37.087398529052734,60,0.11834319680929184,5358.326171875,14.010000228881836,0,667.0999755859375,658.4000244140625,19.024391174316406,662.75
822,46.650001525878906,8.0738000869750977,25.605499267578125,105,0.12773722410202026,5784.625,14.163000106811523,0.85158151388168335,668.29998779296875,657.5,17.620578765869141,662.9000244140625
1792,88.550003051757812,3.125,20.926300048828125,143,0.0797991082072258,5072.70458984375,15.770999908447266,5.5245537757873535,667.4000244140625,659.29998779296875,20.237154006958008,663.3499755859375
1202,62.299999237060547,12.076899528503418,35.846199035644531,190,0.15806987881660461,5556.041015625,14.483332633972168,0,664.29998779296875,662.5999755859375,19.293739318847656,663.449951171875
515,27.350000381469727,16.116500854492188,26.213600158691406,58,0.11262135952711105,5190.31005859375,14.208999633789062,0,660.20001220703125,666.79998779296875,18.829980850219727,663.5
1354,66.569999694824219,12.038399696350098,36.484500885009766,263,0.1942392885684967,5211.4853515625,15.166999816894531,2.4372231960296631,666.4000244140625,661.29998779296875,20.339492797851562,663.8499755859375
1252,65.110000610351562,9.4511995315551758,43.216499328613281,113,0.090255588293075562,5284.1640625,12.584250450134277,20.766773223876953,659.4000244140625,668.29998779296875,19.228996276855469,663.8499755859375
823,46,13.851799964904785,55.285499572753906,127,0.15431348979473114,5331.9208984375,10.550999641418457,2.1871204376220703,657.70001220703125,670.0999755859375,17.891304016113281,663.9000244140625
2231,114.30000305175781,2.916100025177002,13.369199752807617,258,0.115643210709095,5599.60791015625,16.955999374389648,13.626175880432129,666.20001220703125,661.79998779296875,19.518810272216797,664
271,14.199999809265137,4.467400074005127,25.429599761962891,81,0.29889297485351562,4881.8994140625,17.708999633789062,13.284132957458496,668.70001220703125,659.29998779296875,19.084506988525391,664
309,15.5,4.2070999145507812,32.686100006103516,85,0.27508091926574707,4700.43212890625,16.271999359130859,1.9417475461959839,671.29998779296875,657,19.935483932495117,664.1500244140625
3005,159.22000122070312,8.6190004348754883,33.810298919677734,308,0.10249584168195724,5650,17.900800704956055,23.061565399169922,666.70001220703125,661.5999755859375,18.873256683349609,664.1500244140625
966,47.959999084472656,20.958099365234375,47.305400848388672,114,0.11801242083311081,5318.24072265625,11.833999633789062,0.62111800909042358,674,654.5999755859375,20.14178466796875,664.29998779296875
7710,327.29998779296875,4.4721999168395996,15.929900169372559,814,0.10557717084884644,4709.05419921875,18.620199203491211,3.2555122375488281,663.4000244140625,665.4000244140625,23.556371688842773,664.4000244140625
762,35.5,10.810799598693848,30.373199462890625,54,0.070866145193576813,5143.1904296875,12.430999755859375,0,663.0999755859375,665.79998779296875,21.464788436889648,664.449951171875
1708,89,8.4895000457763672,29.039800643920898,206,0.12060889601707458,5133.009765625,15.166999816894531,2.2248244285583496,665.5,663.9000244140625,19.191011428833008,664.70001220703125
9850,489.29998779296875,3.3350000381469727,30.643699645996094,1113,0.11299492418766022,5081.45556640625,20.875749588012695,18.558376312255859,663.70001220703125,665.79998779296875,20.130800247192383,664.75
129,5,9.3023004531860352,50.387599945068359,10,0.077519379556179047,4016.416259765625,10.638999938964844,6.2015504837036133,667.5999755859375,662.29998779296875,25.799999237060547,664.949951171875
10619,565.510009765625,2.5383999347686768,28.37660026550293,1150,0.10829644650220871,5374.05029296875,25.029619216918945,18.457481384277344,665.9000244140625,664,18.777740478515625,664.95001220703125
4521,236.58000183105469,3.7051999568939209,31.082799911499023,494,0.10926786065101624,5427.548828125,16.757801055908203,32.072551727294922,666.79998779296875,663.4000244140625,19.10981559753418,665.0999755859375
580,29.440000534057617,11.896599769592285,30.172399520874023,114,0.19655172526836395,5179.64453125,15.296999931335449,3.9655170440673828,656.20001220703125,674.20001220703125,19.701086044311523,665.20001220703125
2569,138,5.4864001274108887,24.747100830078125,326,0.12689761817455292,5400,17.36944580078125,15.33670711517334,669.79998779296875,660.9000244140625,18.615942001342773,665.3499755859375
6022,286.79998779296875,6.3949999809265137,36.000701904296875,756,0.12553969025611877,5726.146484375,22.096000671386719,27.665227890014648,663.9000244140625,667.4000244140625,20.997211456298828,665.6500244140625
670,33.5,0.41609999537467957,13.869600296020508,47,0.070149250328540802,5003.8701171875,22.841999053955078,12.537314414978027,670.29998779296875,661.5,20,665.9000244140625
14708,700.94000244140625,13.530099868774414,45.723400115966797,1962,0.13339678943157196,4969.51123046875,18.319875717163086,12.680174827575684,664.5,667.4000244140625,20.983251571655273,665.95001220703125
6601,305,1.1967999935150146,15.088600158691406,706,0.10695349425077438,4747.2958984375,25.030000686645508,6.9080443382263184,668,664,21.642623901367188,666
675,33.700000762939453,0,31.851900100708008,87,0.12888889014720917,4543.30517578125,21.957000732421875,14.96296215057373,668.70001220703125,663.4000244140625,20.029672622680664,666.050048828125
2458,124.06999969482422,6.018700122833252,24.603500366210938,193,0.078519120812416077,5229.59130859375,18.796833038330078,11.269325256347656,666.9000244140625,665.29998779296875,19.811397552490234,666.0999755859375
144,8,4.1666998863220215,44.444400787353516,14,0.097222223877906799,4507.35302734375,10.638999938964844,9.7222223281860352,671.9000244140625,660.4000244140625,18,666.1500244140625
573,29.600000381469727,6.9930000305175781,15.209799766540527,48,0.083769634366035461,5302.6279296875,17.507999420166016,3.3158812522888184,671,661.29998779296875,19.358108520507812,666.1500244140625
721,35.729999542236328,1.8494000434875488,18.494100570678711,82,0.11373092979192734,5545.6103515625,18.593000411987305,0.69348126649856567,668.79998779296875,664.0999755859375,20.179121017456055,666.449951171875
992,46.970001220703125,3.7297999858856201,22.883100509643555,160,0.16129031777381897,4615.90869140625,11.116000175476074,5.1411290168762207,671.20001220703125,661.9000244140625,21.119863510131836,666.550048828125
8432,360.5,6.3923001289367676,22.98390007019043,0,0,5397.689453125,14.09766674041748,4.9691653251647949,663.70001220703125,669.5,23.389736175537109,666.5999755859375
244,11,15.573800086975098,40.163898468017578,15,0.061475411057472229,5118.373046875,12.640000343322754,6.9672131538391113,672.0999755859375,661.20001220703125,22.181818008422852,666.6500244140625
7116,356.82000732421875,2.5989999771118164,13.276200294494629,785,0.11031478643417358,5008.07080078125,20.936428070068359,7.9960651397705078,667.5,665.79998779296875,19.942827224731445,666.6500244140625
830,46.659999847412109,10.411899566650391,32.608699798583984,95,0.11445783078670502,4906.0302734375,14.180000305175781,0.48192772269248962,662.0999755859375,671.29998779296875,17.78825569152832,666.699951171875
160,10.880000114440918,13.375800132751465,53.503200531005859,38,0.23749999701976776,6870.34619140625,11.826000213623047,2.5,666.9000244140625,666.79998779296875,14.70588207244873,666.8499755859375
1588,83.400001525878906,6.7985000610351562,20.580999374389648,220,0.13853904604911804,5301.71630859375,18.670999526977539,3.8413100242614746,671.29998779296875,662.4000244140625,19.040767669677734,666.8499755859375
2272,108.75,4.0493001937866211,16.065099716186523,307,0.13512323796749115,5182.36572265625,17.332000732421875,1.3204225301742554,667.70001220703125,666.5999755859375,20.89195442199707,667.1500244140625
1425,71.830001831054688,5.0925998687744141,19.8302001953125,65,0.045614033937454224,4999.46875,17.507999420166016,4.9122805595397949,669.79998779296875,664.5999755859375,19.838506698608398,667.199951171875
245,12.550000190734863,8.9795999526977539,13.061200141906738,30,0.12244898080825806,6732.06640625,15.571999549865723,0,672.20001220703125,662.70001220703125,19.52191162109375,667.45001220703125
1349,65.212501525878906,2.0014998912811279,8.673100471496582,259,0.1919940710067749,4612.98974609375,15.56725025177002,0.22238695621490479,667,667.9000244140625,20.68621826171875,667.45001220703125
400,22,13.800900459289551,29.864299774169922,65,0.16249999403953552,5478.845703125,15.751999855041504,0,669.20001220703125,666,18.181818008422852,667.5999755859375
4632,245.17999267578125,7.0370001792907715,23.642000198364258,637,0.13752159476280212,5666.7138671875,20.469999313354492,17.854059219360352,669.4000244140625,666.5999755859375,18.892242431640625,668
224,9,5.3571000099182129,35.267898559570312,15,0.066964283585548401,4742.51416015625,9.7089996337890625,4.4642858505249023,660.5,675.70001220703125,24.888889312744141,668.0999755859375
576,31,3.9930999279022217,28.125,92,0.1597222238779068,4907.392578125,11.116000175476074,9.5486116409301758,665.79998779296875,671,18.580644607543945,668.4000244140625
451,25,8.6475000381469727,11.751700401306152,75,0.16629712283611298,5700.40234375,16.320999145507812,3.9911308288574219,672.70001220703125,664.5,18.040000915527344,668.5999755859375
900,50.75,2.1017999649047852,24.336299896240234,145,0.16111111640930176,5191.83447265625,21.966999053955078,20.666666030883789,668.79998779296875,668.5,17.733989715576172,668.6500244140625
118,5.5,8.3332996368408203,51.666698455810547,10,0.08474576473236084,4451.2568359375,8.9340000152587891,7.6271185874938965,668.5,669.0999755859375,21.454545974731445,668.79998779296875
1457,73.129997253417969,5.9822998046875,42.964000701904297,0,0,5627.52783203125,19.996999740600586,27.453672409057617,666.20001220703125,671.5999755859375,19.923425674438477,668.9000244140625
4734,232.75,2.6078000068664551,19.372499465942383,586,0.12378538399934769,4922.93994140625,18.827230453491211,10.857625961303711,665.5,672.4000244140625,20.339420318603516,668.95001220703125
3303,146.5,4.6623997688293457,16.954299926757812,379,0.11474417150020599,4969.380859375,18.11866569519043,5.0257339477539062,666.0999755859375,672.0999755859375,22.546075820922852,669.0999755859375
6055,286.92001342773438,5.6133999824523926,30.085100173950195,540,0.089182496070861816,4829.71728515625,23.667375564575195,14.23616886138916,668.9000244140625,669.70001220703125,21.103443145751953,669.300048828125
424,23.299999237060547,3.5376999378204346,15.3302001953125,39,0.091981135308742523,6716.69287109375,22.138999938964844,0.2358490526676178,680.9000244140625,657.70001220703125,18.197425842285156,669.300048828125
2801,139.30000305175781,5.0338997840881348,23.098899841308594,615,0.21956443786621094,5205.94189453125,20.545999526977539,2.0706889629364014,673.29998779296875,665.4000244140625,20.107681274414062,669.3499755859375
187,9.7600002288818359,17.553199768066406,44.680900573730469,37,0.1978609561920166,4357.826171875,9.4849996566772461,8.5561494827270508,664.5999755859375,674.0999755859375,19.159835815429688,669.3499755859375
129,6.5999999046325684,13.953499794006348,27.131799697875977,17,0.13178294897079468,5195.9189453125,11.833999633789062,0,670.0999755859375,669.5,19.545454025268555,669.79998779296875
188,9,6.3829998970031738,36.702098846435547,41,0.21808511018753052,6002.07177734375,18.798999786376953,4.7872343063354492,673.20001220703125,666.5,20.888889312744141,669.8499755859375
1212,65.900001525878906,22.194700241088867,46.122100830078125,116,0.095709569752216339,5090.587890625,10.550999641418457,3.9603960514068604,669.20001220703125,670.70001220703125,18.391502380371094,669.95001220703125
2596,135.35000610351562,3.0046000480651855,19.530000686645508,249,0.095916792750358582,5112.39013671875,15.519000053405762,1.579352855682373,669.20001220703125,670.79998779296875,19.179903030395508,670
4925,253.89599609375,3.8210999965667725,12.174799919128418,753,0.15289339423179626,5287.35498046875,21.63172721862793,3.5939085483551025,672.79998779296875,668.5999755859375,19.397706985473633,670.699951171875
6257,288.6300048828125,2.1635000705718994,15.512800216674805,930,0.14863352477550507,4889.47998046875,21.09575080871582,8.726226806640625,671.20001220703125,671.29998779296875,21.678272247314453,671.25
868,45,4.7234997749328613,19.009199142456055,122,0.14055299758911133,5118.13037109375,15.166999816894531,0,674.5999755859375,668,19.288888931274414,671.29998779296875
3787,186.10000610351562,3.247999906539917,8.3443002700805664,934,0.24663321673870087,5119.123046875,19.117000579833984,0.26406127214431763,674.9000244140625,668.29998779296875,20.349273681640625,671.5999755859375
6423,306.3800048828125,2.9298999309539795,14.265999794006348,855,0.13311536610126495,4792.21142578125,17.620000839233398,1.4479215145111084,671.4000244140625,671.79998779296875,20.964160919189453,671.5999755859375
678,34.840000152587891,2.5074000358581543,15.929200172424316,47,0.069321535527706146,5450.103515625,15.166999816894531,0.14749261736869812,677.5999755859375,665.70001220703125,19.460390090942383,671.6500244140625
162,8.3999996185302734,16.959100723266602,33.918098449707031,23,0.14197531342506409,5210.724609375,10.642999649047852,0,679.79998779296875,663.5999755859375,19.285715103149414,671.699951171875
8529,407.70001220703125,2.192500114440918,11.701299667358398,834,0.097784027457237244,4715.44580078125,20.739055633544922,3.7050063610076904,668.9000244140625,674.5999755859375,20.919794082641602,671.75
1862,89.089996337890625,2.8296999931335449,21.089199066162109,231,0.12406015396118164,4632.068359375,21.565999984741211,0.26852846145629883,673.0999755859375,670.70001220703125,20.900213241577148,671.9000244140625
1452,70.5,2.4260001182556152,10.414199829101562,183,0.12603305280208588,5028.5615234375,17.656000137329102,0,679.5999755859375,664.20001220703125,20.595745086669922,671.9000244140625
155,8,0.64520001411437988,12.258099555969238,32,0.20645160973072052,5695.466796875,17.708999633789062,4.5161290168762207,672.29998779296875,671.5999755859375,19.375,671.949951171875
2536,127.11000061035156,2.0327999591827393,2.0327999591827393,343,0.13525237143039703,4504.294921875,27.815999984741211,2.4447948932647705,676.0999755859375,668,19.951223373413086,672.04998779296875
567,30.079999923706055,4.8951001167297363,29.020999908447266,103,0.18165785074234009,5156.43701171875,18.593000411987305,0,673.9000244140625,670.20001220703125,18.849733352661133,672.050048828125
953,52.599998474121094,7.9875998497009277,33.921199798583984,135,0.14165791869163513,5433.51416015625,14.262999534606934,0,668.0999755859375,676.5,18.117870330810547,672.29998779296875
296,15.430000305175781,5.5921001434326172,25.986799240112305,42,0.14189189672470093,5254.6318359375,22.757999420166016,5.4054055213928223,674.5999755859375,670.0999755859375,19.183408737182617,672.3499755859375
198,9,2.4509999752044678,12.745100021362305,24,0.12121212482452393,4593.19677734375,12.640000343322754,0,672.70001220703125,672.20001220703125,22,672.45001220703125
218,10.100000381469727,2.2421998977661133,25.112100601196289,49,0.22477063536643982,4320.6787109375,11.23799991607666,6.4220180511474609,669.4000244140625,675.70001220703125,21.584157943725586,672.550048828125
734,36,2.0243000984191895,12.820500373840332,117,0.15940053761005402,4920.77734375,16.955999374389648,6.5395092964172363,676.0999755859375,669.29998779296875,20.388889312744141,672.699951171875
189,11.600000381469727,2.0724999904632568,32.124401092529297,50,0.26455026865005493,6905.869140625,17.708999633789062,14.285715103149414,679.0999755859375,667,16.293102264404297,673.04998779296875
2528,138.30999755859375,1.3421000242233276,2.4456000328063965,482,0.19066455960273743,5729.904296875,25.621999740600586,3.6787974834442139,675,671.5,18.277782440185547,673.25
2987,154.16999816894531,2.0422000885009766,11.18179988861084,290,0.097087375819683075,4825.2021484375,18.72599983215332,0.50217610597610474,676.0999755859375,670.5,19.374715805053711,673.29998779296875
208,11,9.3896999359130859,32.863800048828125,21,0.10096153616905212,5388.17041015625,13.442999839782715,0,680.5,666.5999755859375,18.909090042114258,673.54998779296875
379,23.100000381469727,2.902400016784668,22.163600921630859,29,0.076517149806022644,5133.8271484375,15.180000305175781,22.691293716430664,670.5,676.5999755859375,16.406925201416016,673.54998779296875
145,9.3000001907348633,6.2069001197814941,0,27,0.18620689213275909,5346.15625,19.117000579833984,0,670.5,677.29998779296875,15.591397285461426,673.9000244140625
706,37.740001678466797,2.5936999320983887,23.054800033569336,103,0.14589235186576843,4789.30908203125,13.711999893188477,0.14164306223392487,676,672.5,18.706941604614258,674.25
878,47.900001525878906,1.375,15.75,105,0.11958997696638107,5329.7822265625,17.507999420166016,2.733485221862793,681,669.79998779296875,18.329853057861328,675.4000244140625
594,33.180000305175781,12.268899917602539,25.378200531005859,75,0.12626262009143829,5371.1728515625,11.833999633789062,1.6835017204284668,683,668.4000244140625,17.902351379394531,675.70001220703125
139,7.3499999046325684,20.863300323486328,66.906501770019531,40,0.28776979446411133,5771.3837890625,13.27299976348877,0,680.0999755859375,672.20001220703125,18.911565780639648,676.1500244140625
2089,102.77999877929688,2.5185000896453857,14.036999702453613,318,0.15222594141960144,4993.634765625,16.356000900268555,0.14360937476158142,673.79998779296875,679.29998779296875,20.324966430664062,676.54998779296875
326,16.280000686645508,4.2944998741149902,11.042900085449219,42,0.12883435189723969,4854.0380859375,18.625999450683594,0,673.29998779296875,679.9000244140625,20.024568557739258,676.5999755859375
516,21.5,0.96899998188018799,27.713199615478516,50,0.096899226307868958,4392.6796875,23.732999801635742,11.046511650085449,680.5,673.20001220703125,24,676.8499755859375
449,25.5,12.727299690246582,48.484798431396484,50,0.11135857552289963,5884.43212890625,12.934000015258789,0,672.79998779296875,681.0999755859375,17.607843399047852,676.949951171875
297,15.350000381469727,2.3568999767303467,4.0404000282287598,70,0.23569023609161377,4273.9931640625,13.906000137329102,0,679,675.5,19.348533630371094,677.25
1579,80.239997863769531,5.5556001663208008,21.780300140380859,165,0.10449651628732681,5146.7841796875,15.428000450134277,0.063331224024295807,678.5,677.4000244140625,19.678464889526367,677.95001220703125
383,20.450000762939453,6.0051999092102051,10.18280029296875,49,0.12793733179569244,5351.52294921875,15.380999565124512,0,682.9000244140625,673.20001220703125,18.728605270385742,678.050048828125
81,5.0999999046325684,3.6145000457763672,0,14,0.17283950746059418,7667.57177734375,22.528999328613281,0,685.29998779296875,671.5,15.882352828979492,678.4000244140625
5259,262.23001098632812,2.3959000110626221,19.091100692749023,701,0.13329529762268066,5281.708984375,23.806098937988281,15.059897422790527,679,678.5999755859375,20.054912567138672,678.79998779296875
1960,108.95999908447266,1.9416999816894531,3.7302000522613525,223,0.11377550661563873,5368.5029296875,24.603000640869141,1.4795918464660645,684.0999755859375,674.70001220703125,17.988252639770508,679.4000244140625
151,8.8999996185302734,2.6489999294281006,8.6092996597290039,31,0.20529800653457642,6429.25732421875,36.173999786376953,2.6490066051483154,676.79998779296875,682.20001220703125,16.966293334960938,679.5
946,49.169998168945312,2.1784000396728516,6.5352997779846191,310,0.32769554853439331,5387.458984375,33.455001831054688,1.4799153804779053,683.0999755859375,676.20001220703125,19.239374160766602,679.6500244140625
2707,141.02000427246094,5.1395998001098633,19.230800628662109,300,0.11082378774881363,5235.77490234375,20.480222702026367,4.4698929786682129,678.70001220703125,680.79998779296875,19.195858001708984,679.75
919,46.889999389648438,1.049299955368042,0,141,0.15342764556407928,4829.896484375,20.134000778198242,0.32644179463386536,680.20001220703125,679.4000244140625,19.599061965942383,679.800048828125
945,46,4.2399001121520996,10.65149974822998,216,0.22857142984867096,5088.7080078125,19.346500396728516,2.5396826267242432,685.70001220703125,674.4000244140625,20.543478012084961,680.050048828125
738,39.701999664306641,0,0.67750000953674316,220,0.2981029748916626,5390.1181640625,36.173999786376953,0.54200541973114014,684.20001220703125,676.70001220703125,18.588483810424805,680.45001220703125
164,10.510000228881836,2.3529000282287598,12.941200256347656,35,0.21341463923454285,6588.4306640625,22.863334655761719,11.585366249084473,682.79998779296875,679.79998779296875,15.604186058044434,681.29998779296875
167,10.920000076293945,0.52079999446868896,11.45829963684082,29,0.17365269362926483,6196.69482421875,17.708999633789062,11.37724494934082,680.79998779296875,681.79998779296875,15.29304027557373,681.29998779296875
125,7.0799999237060547,4,14.399999618530273,25,0.20000000298023224,4645.4130859375,14.177000045776367,0,688.5,674.70001220703125,17.655366897583008,681.5999755859375
1091,62.060001373291016,0.53670001029968262,0.53670001029968262,113,0.10357470065355301,6489.9287109375,41.092998504638672,1.3748854398727417,689.79998779296875,674,17.579761505126953,681.9000244140625
134,6,0.74629998207092285,3.7313001155853271,27,0.20149253308773041,5094.958984375,21.957000732421875,2.2388060092926025,681.79998779296875,682.5,22.333333969116211,682.1500244140625
600,32,2.6940999031066895,29.318500518798828,55,0.091666668653488159,4841.95849609375,16.063999176025391,5.3333334922790527,680,684.9000244140625,18.75,682.45001220703125
1803,99.599998474121094,1.9242000579833984,3.621999979019165,283,0.1569606214761734,6315.3125,25.73699951171875,2.7731559276580811,685.5999755859375,679.5,18.102409362792969,682.54998779296875
158,7.8000001907348633,13.75,16.25,15,0.094936706125736237,5399.38330078125,20.474000930786133,0,687.29998779296875,678,20.256410598754883,682.6500244140625
2392,127.22000122070312,1.4213999509811401,6.270899772644043,439,0.18352842330932617,5429.4736328125,35.810001373291016,17.725751876831055,682.4000244140625,684.29998779296875,18.802074432373047,683.3499755859375
526,28.020000457763672,3.9923999309539795,11.406800270080566,33,0.062737643718719482,5644.2861328125,13.567000389099121,0,684.5,682.29998779296875,18.772304534912109,683.4000244140625
141,6.9099998474121094,10.071900367736816,9.3524999618530273,44,0.31205675005912781,6060.2568359375,20.089000701904297,0,680.4000244140625,688.20001220703125,20.405210494995117,684.300048828125
235,12.600000381469727,4.6609997749328613,5.9321999549865723,30,0.12765957415103912,5319.5537109375,18.283000946044922,0.42553189396858215,688.5,680.20001220703125,18.650793075561523,684.3499755859375
3280,158.39999389648438,2.7523000240325928,7.8593001365661621,406,0.12378048896789551,4819.90380859375,25.239715576171875,6.0670733451843262,682.20001220703125,687.4000244140625,20.707071304321289,684.800048828125
1254,57,1.5822999477386475,12.5,0,0,5208.22607421875,25.062999725341797,10.127591133117676,686.20001220703125,683.70001220703125,22,684.95001220703125
948,53.560001373291016,1.7932000160217285,1.8986999988555908,155,0.16350211203098297,5859.96484375,30.628499984741211,3.3755273818969727,692.20001220703125,679.9000244140625,17.699775695800781,686.050048828125
15228,708.83001708984375,1.7153999805450439,4.6908998489379883,2232,0.14657209813594818,4962.73681640625,27.475215911865234,8.6485424041748047,683.0999755859375,690.29998779296875,21.48328971862793,686.699951171875
81,4.8499999046325684,13.253000259399414,20.481899261474609,21,0.25925925374031067,7614.37939453125,30.840000152587891,12.34567928314209,693.79998779296875,681.29998779296875,16.701030731201172,687.54998779296875
2768,141.39999389648438,0.44810000061988831,2.7920999526977539,540,0.19508670270442963,5566.4677734375,34.159500122070312,1.5895953178405762,691.5999755859375,686.5999755859375,19.575672149658203,689.0999755859375
535,31,0.079999998211860657,0.72000002861022949,84,0.15700934827327728,7039.94921875,43.229999542236328,1.4953271150588989,693.5,688.5999755859375,17.258064270019531,691.04998779296875
2542,146.30000305175781,0.82609999179840088,9.6773996353149414,404,0.1589299738407135,6604.06396484375,27.947750091552734,10.385522842407227,687.70001220703125,695,17.375255584716797,691.3499755859375
1940,111.81999969482422,0.4124000072479248,3.9175000190734863,265,0.13659793138504028,6180.14892578125,49.938999176025391,6.1340203285217285,693.70001220703125,690.0999755859375,17.349311828613281,691.9000244140625
1059,65.120002746582031,0.8499000072479248,1.4163999557495117,272,0.25684607028961182,6460.6572265625,55.327999114990234,2.2662889957427979,695.9000244140625,692,16.262285232543945,693.95001220703125
2340,132.19999694824219,1.5812000036239624,2.4358999729156494,403,0.17222222685813904,6415.35498046875,35.480998992919922,2.4786324501037598,693.5999755859375,694.9000244140625,17.700454711914062,694.25
3469,172.33999633789062,0,0.17339999973773956,496,0.14298067986965179,5230.876953125,34.300998687744141,0.89362925291061401,697.9000244140625,691.70001220703125,20.128814697265625,694.800048828125
2106,115.30000305175781,1.7094000577926636,2.6115999221801758,300,0.14245013892650604,5838.171875,38.628570556640625,2.4216523170471191,695.0999755859375,695.29998779296875,18.26539421081543,695.199951171875
478,32.869998931884766,0,0,112,0.23430962860584259,7711.5068359375,35.341999053955078,3.7656903266906738,701.29998779296875,689.29998779296875,14.542136192321777,695.29998779296875
1885,98.419998168945312,0.050599999725818634,0.30329999327659607,241,0.1278514564037323,5592.76513671875,31.052000045776367,1.9628647565841675,697.4000244140625,695.70001220703125,19.152610778808594,696.550048828125
2422,139.47000122070312,0,0.12389999628067017,466,0.19240297377109528,5933.154296875,40.263999938964844,0.57803463935852051,699.0999755859375,697.29998779296875,17.365741729736328,698.199951171875
1318,87.05999755859375,0.15170000493526459,0,412,0.31259483098983765,7593.40576171875,35.810001373291016,2.807283878326416,695.4000244140625,701.0999755859375,15.138984680175781,698.25
220,12.329999923706055,0.4544999897480011,0,22,0.10000000149011612,6500.44970703125,43.229999542236328,1.3636363744735718,693.29998779296875,703.5999755859375,17.842660903930664,698.449951171875
687,44.590000152587891,0.30489999055862427,0,209,0.30422124266624451,7217.26318359375,50.676998138427734,1.1644833087921143,698.29998779296875,699.9000244140625,15.407041549682617,699.0999755859375
2341,124.08999633789062,0.17090000212192535,0.59799998998641968,286,0.12217001616954803,5392.638671875,40.402000427246094,2.050405740737915,698.9000244140625,701.70001220703125,18.865339279174805,700.300048828125
984,59.729999542236328,0.10159999877214432,3.5569000244140625,195,0.1981707364320755,7290.3388671875,28.716999053955078,5.9959349632263184,700.9000244140625,707.70001220703125,16.47413444519043,704.300048828125
3724,208.47999572753906,1.0741000175476074,1.5038000345230103,721,0.19360902905464172,5741.462890625,41.734107971191406,4.7261009216308594,704,709.5,17.862625122070312,706.75
441,20.149999618530273,3.563499927520752,37.193801879882812,45,0.10204081982374191,4402.83154296875,23.732999801635742,24.263038635253906,648.29998779296875,641.70001220703125,21.885856628417969,645
101,5,11.881199836730957,59.405899047851562,14,0.13861386477947235,4776.33642578125,9.9519996643066406,2.97029709815979,667.9000244140625,676.5,20.200000762939453,672.20001220703125
1778,93.400001525878906,6.9235000610351562,47.571201324462891,313,0.17604050040245056,5993.392578125,12.501999855041504,5.0056242942810059,660.5,651,19.036401748657227,655.75
